[{"model": "admin.logentry", "pk": 1, "fields": {"action_time": "2024-09-05T13:04:25.833Z", "user": 1, "content_type": 8, "object_id": "1", "object_repr": "OpenWeb Template for SaaSStartup, Apps, and More", "action_flag": 1, "change_message": "[{\"added\": {}}, {\"added\": {\"name\": \"Hero Button\", \"object\": \"Download Now\"}}]"}}, {"model": "admin.logentry", "pk": 2, "fields": {"action_time": "2024-09-05T13:06:58.255Z", "user": 1, "content_type": 8, "object_id": "1", "object_repr": "OpenWeb Template for SaaS, Startup, Apps, and More", "action_flag": 2, "change_message": "[{\"changed\": {\"fields\": [\"Title\"]}}]"}}, {"model": "admin.logentry", "pk": 3, "fields": {"action_time": "2024-09-06T19:38:31.070Z", "user": 1, "content_type": 8, "object_id": "1", "object_repr": "OpenWeb Template for SaaS, Startup, Apps, and More", "action_flag": 2, "change_message": "[{\"changed\": {\"name\": \"Hero Button\", \"object\": \"Download Now\", \"fields\": [\"Button link\"]}}]"}}, {"model": "admin.logentry", "pk": 4, "fields": {"action_time": "2024-09-06T19:39:38.055Z", "user": 1, "content_type": 8, "object_id": "1", "object_repr": "OpenWeb Template for SaaS, Startup, Apps, and More", "action_flag": 2, "change_message": "[]"}}, {"model": "admin.logentry", "pk": 5, "fields": {"action_time": "2024-09-06T19:39:53.309Z", "user": 1, "content_type": 8, "object_id": "1", "object_repr": "OpenWeb Template for SaaS, Startup, Apps, and More", "action_flag": 2, "change_message": "[{\"changed\": {\"name\": \"Hero Button\", \"object\": \"Download Now\", \"fields\": [\"Button link\"]}}]"}}, {"model": "admin.logentry", "pk": 6, "fields": {"action_time": "2024-09-06T19:41:28.180Z", "user": 1, "content_type": 8, "object_id": "1", "object_repr": "OpenWeb Template for SaaS, Startup, Apps, and More", "action_flag": 2, "change_message": "[{\"added\": {\"name\": \"Hero Button\", \"object\": \"Download Now\"}}]"}}, {"model": "admin.logentry", "pk": 7, "fields": {"action_time": "2024-09-06T19:54:09.200Z", "user": 1, "content_type": 8, "object_id": "1", "object_repr": "OpenWeb Template for SaaS, Startup, Apps, and More", "action_flag": 2, "change_message": "[{\"changed\": {\"name\": \"Hero Button\", \"object\": \"Star on github\", \"fields\": [\"Title\", \"Button link\", \"Button svg\", \"Design type\"]}}]"}}, {"model": "admin.logentry", "pk": 8, "fields": {"action_time": "2024-09-06T19:55:10.913Z", "user": 1, "content_type": 8, "object_id": "1", "object_repr": "OpenWeb Template for SaaS, Startup, Apps, and More", "action_flag": 2, "change_message": "[{\"changed\": {\"name\": \"Hero Button\", \"object\": \"Star on github\", \"fields\": [\"Button svg\"]}}]"}}, {"model": "admin.logentry", "pk": 9, "fields": {"action_time": "2024-09-06T20:24:38.413Z", "user": 1, "content_type": 8, "object_id": "1", "object_repr": "OpenWeb Template for SaaS, Startup, Apps, and More", "action_flag": 2, "change_message": "[{\"changed\": {\"fields\": [\"Image\"]}}]"}}, {"model": "admin.logentry", "pk": 10, "fields": {"action_time": "2024-09-06T20:32:04.779Z", "user": 1, "content_type": 10, "object_id": "4", "object_repr": "Built with latest technology", "action_flag": 1, "change_message": "[{\"added\": {}}, {\"added\": {\"name\": \"Technology SVG\", \"object\": \"Bootstrap\"}}]"}}, {"model": "admin.logentry", "pk": 11, "fields": {"action_time": "2024-09-06T20:42:51.245Z", "user": 1, "content_type": 10, "object_id": "4", "object_repr": "Built with latest technology", "action_flag": 2, "change_message": "[{\"added\": {\"name\": \"Technology SVG\", \"object\": \"Tailwind\"}}, {\"added\": {\"name\": \"Technology SVG\", \"object\": \"Nextjs\"}}, {\"added\": {\"name\": \"Technology SVG\", \"object\": \"Astro\"}}, {\"added\": {\"name\": \"Technology SVG\", \"object\": \"React\"}}]"}}, {"model": "admin.logentry", "pk": 12, "fields": {"action_time": "2024-09-07T16:24:54.369Z", "user": 1, "content_type": 12, "object_id": "10", "object_repr": "Features", "action_flag": 1, "change_message": "[{\"added\": {}}, {\"added\": {\"name\": \"Feature item\", \"object\": \"Free and Open-Source\"}}]"}}, {"model": "admin.logentry", "pk": 13, "fields": {"action_time": "2024-09-07T18:07:24.047Z", "user": 1, "content_type": 12, "object_id": "10", "object_repr": "Features", "action_flag": 2, "change_message": "[]"}}, {"model": "admin.logentry", "pk": 14, "fields": {"action_time": "2024-09-07T18:15:47.433Z", "user": 1, "content_type": 12, "object_id": "10", "object_repr": "Features", "action_flag": 2, "change_message": "[{\"added\": {\"name\": \"Feature item\", \"object\": \"Multipurpose Template\"}}]"}}, {"model": "admin.logentry", "pk": 15, "fields": {"action_time": "2024-09-07T18:28:44.664Z", "user": 1, "content_type": 12, "object_id": "10", "object_repr": "Features", "action_flag": 2, "change_message": "[{\"added\": {\"name\": \"Feature item\", \"object\": \"Multipurpose Template 2\"}}]"}}, {"model": "admin.logentry", "pk": 16, "fields": {"action_time": "2024-09-07T18:29:48.845Z", "user": 1, "content_type": 12, "object_id": "10", "object_repr": "Features", "action_flag": 2, "change_message": "[{\"added\": {\"name\": \"Feature item\", \"object\": \"Free and Open-Source\"}}]"}}, {"model": "admin.logentry", "pk": 17, "fields": {"action_time": "2024-09-17T12:26:55.568Z", "user": 1, "content_type": 14, "object_id": "15", "object_repr": "Brilliant Toolkit to Build Nextgen Website Faster.", "action_flag": 1, "change_message": "[{\"added\": {}}, {\"added\": {\"name\": \"About Image\", \"object\": \"None\"}}, {\"added\": {\"name\": \"About Image\", \"object\": \"None\"}}, {\"added\": {\"name\": \"About Button\", \"object\": \"Know More\"}}]"}}, {"model": "admin.logentry", "pk": 18, "fields": {"action_time": "2024-09-24T07:15:04.948Z", "user": 1, "content_type": 14, "object_id": "15", "object_repr": "Brilliant Toolkit to Build Nextgen Website Faster.", "action_flag": 2, "change_message": "[{\"added\": {\"name\": \"Experience\", \"object\": \"9\"}}]"}}, {"model": "admin.logentry", "pk": 19, "fields": {"action_time": "2024-09-24T07:38:26.901Z", "user": 1, "content_type": 18, "object_id": "20", "object_repr": "What Are You Looking For?", "action_flag": 1, "change_message": "[{\"added\": {}}, {\"added\": {\"name\": \"CTA Button\", \"object\": \"Start using Play\"}}]"}}, {"model": "admin.logentry", "pk": 20, "fields": {"action_time": "2024-09-25T09:02:56.216Z", "user": 1, "content_type": 20, "object_id": "22", "object_repr": "Pricing Table", "action_flag": 1, "change_message": "[{\"added\": {}}]"}}, {"model": "admin.logentry", "pk": 21, "fields": {"action_time": "2024-09-25T09:04:39.925Z", "user": 1, "content_type": 22, "object_id": "23", "object_repr": "Starter", "action_flag": 1, "change_message": "[{\"added\": {}}, {\"added\": {\"name\": \"Pricing Feature\", \"object\": \"Up to 1 User\"}}, {\"added\": {\"name\": \"Pricing Feature\", \"object\": \"All UI components\"}}, {\"added\": {\"name\": \"Pricing Feature\", \"object\": \"Lifetime access\"}}, {\"added\": {\"name\": \"Pricing Feature\", \"object\": \"Free updates\"}}]"}}, {"model": "admin.logentry", "pk": 22, "fields": {"action_time": "2024-09-25T09:40:40.072Z", "user": 1, "content_type": 22, "object_id": "28", "object_repr": "Basic", "action_flag": 1, "change_message": "[{\"added\": {}}, {\"added\": {\"name\": \"Pricing Feature\", \"object\": \"Up to 1 User\"}}, {\"added\": {\"name\": \"Pricing Feature\", \"object\": \"All UI components\"}}, {\"added\": {\"name\": \"Pricing Feature\", \"object\": \"Lifetime access\"}}, {\"added\": {\"name\": \"Pricing Feature\", \"object\": \"Free updates\"}}]"}}, {"model": "admin.logentry", "pk": 23, "fields": {"action_time": "2024-09-25T09:42:09.482Z", "user": 1, "content_type": 22, "object_id": "33", "object_repr": "Premium", "action_flag": 1, "change_message": "[{\"added\": {}}, {\"added\": {\"name\": \"Pricing Feature\", \"object\": \"Up to 1 User\"}}, {\"added\": {\"name\": \"Pricing Feature\", \"object\": \"All UI components\"}}, {\"added\": {\"name\": \"Pricing Feature\", \"object\": \"Lifetime access\"}}, {\"added\": {\"name\": \"Pricing Feature\", \"object\": \"Free updates\"}}]"}}, {"model": "admin.logentry", "pk": 24, "fields": {"action_time": "2024-09-25T11:05:07.469Z", "user": 1, "content_type": 24, "object_id": "38", "object_repr": "What our Clients Say", "action_flag": 1, "change_message": "[{\"added\": {}}]"}}, {"model": "admin.logentry", "pk": 25, "fields": {"action_time": "2024-09-25T11:07:38.706Z", "user": 1, "content_type": 23, "object_id": "39", "object_repr": "Musharof Chowdhury (BYSL)", "action_flag": 1, "change_message": "[{\"added\": {}}]"}}, {"model": "admin.logentry", "pk": 26, "fields": {"action_time": "2024-09-25T11:11:23.970Z", "user": 1, "content_type": 23, "object_id": "39", "object_repr": "Musharof Chowdhury (BYSL)", "action_flag": 2, "change_message": "[]"}}, {"model": "admin.logentry", "pk": 27, "fields": {"action_time": "2024-09-25T11:13:41.772Z", "user": 1, "content_type": 23, "object_id": "40", "object_repr": "William Smith (WAlton)", "action_flag": 1, "change_message": "[{\"added\": {}}]"}}, {"model": "admin.logentry", "pk": 28, "fields": {"action_time": "2024-09-26T06:00:47.027Z", "user": 1, "content_type": 23, "object_id": "40", "object_repr": "William Smith (WAlton)", "action_flag": 2, "change_message": "[]"}}, {"model": "admin.logentry", "pk": 29, "fields": {"action_time": "2024-09-26T06:00:52.425Z", "user": 1, "content_type": 23, "object_id": "39", "object_repr": "Musharof Chowdhury (BYSL)", "action_flag": 2, "change_message": "[]"}}, {"model": "admin.logentry", "pk": 30, "fields": {"action_time": "2024-09-26T06:01:19.440Z", "user": 1, "content_type": 23, "object_id": "40", "object_repr": "William Smith (WAlton)", "action_flag": 2, "change_message": "[{\"changed\": {\"fields\": [\"Star rating\"]}}]"}}, {"model": "admin.logentry", "pk": 31, "fields": {"action_time": "2024-09-26T06:07:11.751Z", "user": 1, "content_type": 23, "object_id": "39", "object_repr": "Musharof Chowdhury (BYSL)", "action_flag": 2, "change_message": "[{\"changed\": {\"fields\": [\"Star rating\"]}}]"}}, {"model": "admin.logentry", "pk": 32, "fields": {"action_time": "2024-09-26T06:16:46.453Z", "user": 1, "content_type": 23, "object_id": "41", "object_repr": "Sabo Mesties (Ayro UI)", "action_flag": 1, "change_message": "[{\"added\": {}}]"}}, {"model": "admin.logentry", "pk": 33, "fields": {"action_time": "2024-09-26T06:17:58.052Z", "user": 1, "content_type": 23, "object_id": "42", "object_repr": "Sufian Sani (BYSL)", "action_flag": 1, "change_message": "[{\"added\": {}}]"}}, {"model": "admin.logentry", "pk": 34, "fields": {"action_time": "2024-09-26T11:53:33.034Z", "user": 1, "content_type": 26, "object_id": "43", "object_repr": "FAQ", "action_flag": 1, "change_message": "[{\"added\": {}}]"}}, {"model": "admin.logentry", "pk": 35, "fields": {"action_time": "2024-09-26T11:54:03.231Z", "user": 1, "content_type": 27, "object_id": "44", "object_repr": "Is TailGrids Well-documented?", "action_flag": 1, "change_message": "[{\"added\": {}}]"}}, {"model": "admin.logentry", "pk": 36, "fields": {"action_time": "2024-09-26T11:54:18.176Z", "user": 1, "content_type": 27, "object_id": "45", "object_repr": "Is TailGrids Well-documented?", "action_flag": 1, "change_message": "[{\"added\": {}}]"}}, {"model": "admin.logentry", "pk": 37, "fields": {"action_time": "2024-09-26T11:54:21.415Z", "user": 1, "content_type": 27, "object_id": "46", "object_repr": "Is TailGrids Well-documented?", "action_flag": 1, "change_message": "[{\"added\": {}}]"}}, {"model": "admin.logentry", "pk": 38, "fields": {"action_time": "2024-09-26T11:54:27.986Z", "user": 1, "content_type": 27, "object_id": "46", "object_repr": "Is TailGrids Well-documented?", "action_flag": 2, "change_message": "[{\"changed\": {\"fields\": [\"Answer\"]}}]"}}, {"model": "admin.logentry", "pk": 39, "fields": {"action_time": "2024-09-26T11:54:31.721Z", "user": 1, "content_type": 27, "object_id": "47", "object_repr": "Is TailGrids Well-documented?", "action_flag": 1, "change_message": "[{\"added\": {}}]"}}, {"model": "admin.logentry", "pk": 40, "fields": {"action_time": "2024-09-26T11:54:39.109Z", "user": 1, "content_type": 27, "object_id": "48", "object_repr": "Is TailGrids Well-documented?", "action_flag": 1, "change_message": "[{\"added\": {}}]"}}, {"model": "admin.logentry", "pk": 41, "fields": {"action_time": "2024-09-26T12:02:06.630Z", "user": 1, "content_type": 27, "object_id": "44", "object_repr": "Is TailGrids Well-documented 5", "action_flag": 2, "change_message": "[{\"changed\": {\"fields\": [\"Question\"]}}]"}}, {"model": "admin.logentry", "pk": 42, "fields": {"action_time": "2024-09-26T12:02:24.524Z", "user": 1, "content_type": 27, "object_id": "48", "object_repr": "Is TailGrids Well-documented 1", "action_flag": 2, "change_message": "[{\"changed\": {\"fields\": [\"Question\"]}}]"}}, {"model": "admin.logentry", "pk": 43, "fields": {"action_time": "2024-09-26T12:02:39.042Z", "user": 1, "content_type": 27, "object_id": "47", "object_repr": "Is TailGrids Well-documented 2", "action_flag": 2, "change_message": "[{\"changed\": {\"fields\": [\"Question\"]}}]"}}, {"model": "admin.logentry", "pk": 44, "fields": {"action_time": "2024-09-26T12:02:44.555Z", "user": 1, "content_type": 27, "object_id": "46", "object_repr": "Is TailGrids Well-documented 3", "action_flag": 2, "change_message": "[{\"changed\": {\"fields\": [\"Question\"]}}]"}}, {"model": "admin.logentry", "pk": 45, "fields": {"action_time": "2024-09-26T12:02:51.123Z", "user": 1, "content_type": 27, "object_id": "45", "object_repr": "Is TailGrids Well-documented 4", "action_flag": 2, "change_message": "[{\"changed\": {\"fields\": [\"Question\"]}}]"}}, {"model": "admin.logentry", "pk": 46, "fields": {"action_time": "2024-09-26T12:03:06.710Z", "user": 1, "content_type": 27, "object_id": "44", "object_repr": "Is TailGrids Well-documented 5", "action_flag": 2, "change_message": "[]"}}, {"model": "admin.logentry", "pk": 47, "fields": {"action_time": "2024-09-26T12:03:13.427Z", "user": 1, "content_type": 27, "object_id": "49", "object_repr": "Is TailGrids Well-documented 6", "action_flag": 1, "change_message": "[{\"added\": {}}]"}}, {"model": "admin.logentry", "pk": 48, "fields": {"action_time": "2024-09-26T12:05:49.370Z", "user": 1, "content_type": 25, "object_id": "50", "object_repr": "Our Team Members", "action_flag": 1, "change_message": "[{\"added\": {}}]"}}, {"model": "admin.logentry", "pk": 49, "fields": {"action_time": "2024-09-26T12:10:25.142Z", "user": 1, "content_type": 28, "object_id": "51", "object_repr": "Melissa Tatcher", "action_flag": 1, "change_message": "[{\"added\": {}}, {\"added\": {\"name\": \"Social\", \"object\": \"Facebook\"}}, {\"added\": {\"name\": \"Social\", \"object\": \"X\"}}, {\"added\": {\"name\": \"Social\", \"object\": \"Instagram\"}}]"}}, {"model": "admin.logentry", "pk": 50, "fields": {"action_time": "2024-09-26T12:11:27.950Z", "user": 1, "content_type": 28, "object_id": "55", "object_repr": "Stuard Ferrel", "action_flag": 1, "change_message": "[{\"added\": {}}, {\"added\": {\"name\": \"Social\", \"object\": \"Facebook\"}}, {\"added\": {\"name\": \"Social\", \"object\": \"X\"}}, {\"added\": {\"name\": \"Social\", \"object\": \"Instagram\"}}]"}}, {"model": "admin.logentry", "pk": 51, "fields": {"action_time": "2024-09-26T12:12:27.592Z", "user": 1, "content_type": 28, "object_id": "59", "object_repr": "Eva Hudson", "action_flag": 1, "change_message": "[{\"added\": {}}, {\"added\": {\"name\": \"Social\", \"object\": \"Facebook\"}}, {\"added\": {\"name\": \"Social\", \"object\": \"X\"}}, {\"added\": {\"name\": \"Social\", \"object\": \"Instagram\"}}]"}}, {"model": "admin.logentry", "pk": 52, "fields": {"action_time": "2024-09-26T12:13:33.545Z", "user": 1, "content_type": 28, "object_id": "63", "object_repr": "Jackie Sanders", "action_flag": 1, "change_message": "[{\"added\": {}}, {\"added\": {\"name\": \"Social\", \"object\": \"Facebook\"}}, {\"added\": {\"name\": \"Social\", \"object\": \"X\"}}, {\"added\": {\"name\": \"Social\", \"object\": \"Instagram\"}}]"}}, {"model": "auth.permission", "pk": 1, "fields": {"name": "Can add log entry", "content_type": 1, "codename": "add_logentry"}}, {"model": "auth.permission", "pk": 2, "fields": {"name": "Can change log entry", "content_type": 1, "codename": "change_logentry"}}, {"model": "auth.permission", "pk": 3, "fields": {"name": "Can delete log entry", "content_type": 1, "codename": "delete_logentry"}}, {"model": "auth.permission", "pk": 4, "fields": {"name": "Can view log entry", "content_type": 1, "codename": "view_logentry"}}, {"model": "auth.permission", "pk": 5, "fields": {"name": "Can add permission", "content_type": 2, "codename": "add_permission"}}, {"model": "auth.permission", "pk": 6, "fields": {"name": "Can change permission", "content_type": 2, "codename": "change_permission"}}, {"model": "auth.permission", "pk": 7, "fields": {"name": "Can delete permission", "content_type": 2, "codename": "delete_permission"}}, {"model": "auth.permission", "pk": 8, "fields": {"name": "Can view permission", "content_type": 2, "codename": "view_permission"}}, {"model": "auth.permission", "pk": 9, "fields": {"name": "Can add group", "content_type": 3, "codename": "add_group"}}, {"model": "auth.permission", "pk": 10, "fields": {"name": "Can change group", "content_type": 3, "codename": "change_group"}}, {"model": "auth.permission", "pk": 11, "fields": {"name": "Can delete group", "content_type": 3, "codename": "delete_group"}}, {"model": "auth.permission", "pk": 12, "fields": {"name": "Can view group", "content_type": 3, "codename": "view_group"}}, {"model": "auth.permission", "pk": 13, "fields": {"name": "Can add user", "content_type": 4, "codename": "add_user"}}, {"model": "auth.permission", "pk": 14, "fields": {"name": "Can change user", "content_type": 4, "codename": "change_user"}}, {"model": "auth.permission", "pk": 15, "fields": {"name": "Can delete user", "content_type": 4, "codename": "delete_user"}}, {"model": "auth.permission", "pk": 16, "fields": {"name": "Can view user", "content_type": 4, "codename": "view_user"}}, {"model": "auth.permission", "pk": 17, "fields": {"name": "Can add content type", "content_type": 5, "codename": "add_contenttype"}}, {"model": "auth.permission", "pk": 18, "fields": {"name": "Can change content type", "content_type": 5, "codename": "change_contenttype"}}, {"model": "auth.permission", "pk": 19, "fields": {"name": "Can delete content type", "content_type": 5, "codename": "delete_contenttype"}}, {"model": "auth.permission", "pk": 20, "fields": {"name": "Can view content type", "content_type": 5, "codename": "view_contenttype"}}, {"model": "auth.permission", "pk": 21, "fields": {"name": "Can add session", "content_type": 6, "codename": "add_session"}}, {"model": "auth.permission", "pk": 22, "fields": {"name": "Can change session", "content_type": 6, "codename": "change_session"}}, {"model": "auth.permission", "pk": 23, "fields": {"name": "Can delete session", "content_type": 6, "codename": "delete_session"}}, {"model": "auth.permission", "pk": 24, "fields": {"name": "Can view session", "content_type": 6, "codename": "view_session"}}, {"model": "auth.permission", "pk": 25, "fields": {"name": "Can add auto create update", "content_type": 7, "codename": "add_autocreateupdate"}}, {"model": "auth.permission", "pk": 26, "fields": {"name": "Can change auto create update", "content_type": 7, "codename": "change_autocreateupdate"}}, {"model": "auth.permission", "pk": 27, "fields": {"name": "Can delete auto create update", "content_type": 7, "codename": "delete_autocreateupdate"}}, {"model": "auth.permission", "pk": 28, "fields": {"name": "Can view auto create update", "content_type": 7, "codename": "view_autocreateupdate"}}, {"model": "auth.permission", "pk": 29, "fields": {"name": "Can add Hero Contant", "content_type": 8, "codename": "add_herocontant"}}, {"model": "auth.permission", "pk": 30, "fields": {"name": "Can change Hero Contant", "content_type": 8, "codename": "change_herocontant"}}, {"model": "auth.permission", "pk": 31, "fields": {"name": "Can delete Hero Contant", "content_type": 8, "codename": "delete_herocontant"}}, {"model": "auth.permission", "pk": 32, "fields": {"name": "Can view Hero Contant", "content_type": 8, "codename": "view_herocontant"}}, {"model": "auth.permission", "pk": 33, "fields": {"name": "Can add Hero Button", "content_type": 9, "codename": "add_herobutton"}}, {"model": "auth.permission", "pk": 34, "fields": {"name": "Can change Hero Button", "content_type": 9, "codename": "change_herobutton"}}, {"model": "auth.permission", "pk": 35, "fields": {"name": "Can delete Hero Button", "content_type": 9, "codename": "delete_herobutton"}}, {"model": "auth.permission", "pk": 36, "fields": {"name": "Can view Hero Button", "content_type": 9, "codename": "view_herobutton"}}, {"model": "auth.permission", "pk": 37, "fields": {"name": "Can add Technology contant", "content_type": 10, "codename": "add_technologyuses"}}, {"model": "auth.permission", "pk": 38, "fields": {"name": "Can change Technology contant", "content_type": 10, "codename": "change_technologyuses"}}, {"model": "auth.permission", "pk": 39, "fields": {"name": "Can delete Technology contant", "content_type": 10, "codename": "delete_technologyuses"}}, {"model": "auth.permission", "pk": 40, "fields": {"name": "Can view Technology contant", "content_type": 10, "codename": "view_technologyuses"}}, {"model": "auth.permission", "pk": 41, "fields": {"name": "Can add Technology SVG", "content_type": 11, "codename": "add_technologysvg"}}, {"model": "auth.permission", "pk": 42, "fields": {"name": "Can change Technology SVG", "content_type": 11, "codename": "change_technologysvg"}}, {"model": "auth.permission", "pk": 43, "fields": {"name": "Can delete Technology SVG", "content_type": 11, "codename": "delete_technologysvg"}}, {"model": "auth.permission", "pk": 44, "fields": {"name": "Can view Technology SVG", "content_type": 11, "codename": "view_technologysvg"}}, {"model": "auth.permission", "pk": 45, "fields": {"name": "Can add Feature", "content_type": 12, "codename": "add_feature"}}, {"model": "auth.permission", "pk": 46, "fields": {"name": "Can change Feature", "content_type": 12, "codename": "change_feature"}}, {"model": "auth.permission", "pk": 47, "fields": {"name": "Can delete Feature", "content_type": 12, "codename": "delete_feature"}}, {"model": "auth.permission", "pk": 48, "fields": {"name": "Can view Feature", "content_type": 12, "codename": "view_feature"}}, {"model": "auth.permission", "pk": 49, "fields": {"name": "Can add Feature item", "content_type": 13, "codename": "add_featureitem"}}, {"model": "auth.permission", "pk": 50, "fields": {"name": "Can change Feature item", "content_type": 13, "codename": "change_featureitem"}}, {"model": "auth.permission", "pk": 51, "fields": {"name": "Can delete Feature item", "content_type": 13, "codename": "delete_featureitem"}}, {"model": "auth.permission", "pk": 52, "fields": {"name": "Can view Feature item", "content_type": 13, "codename": "view_featureitem"}}, {"model": "auth.permission", "pk": 53, "fields": {"name": "Can add About", "content_type": 14, "codename": "add_about"}}, {"model": "auth.permission", "pk": 54, "fields": {"name": "Can change About", "content_type": 14, "codename": "change_about"}}, {"model": "auth.permission", "pk": 55, "fields": {"name": "Can delete About", "content_type": 14, "codename": "delete_about"}}, {"model": "auth.permission", "pk": 56, "fields": {"name": "Can view About", "content_type": 14, "codename": "view_about"}}, {"model": "auth.permission", "pk": 57, "fields": {"name": "Can add About Image", "content_type": 15, "codename": "add_aboutimage"}}, {"model": "auth.permission", "pk": 58, "fields": {"name": "Can change About Image", "content_type": 15, "codename": "change_aboutimage"}}, {"model": "auth.permission", "pk": 59, "fields": {"name": "Can delete About Image", "content_type": 15, "codename": "delete_aboutimage"}}, {"model": "auth.permission", "pk": 60, "fields": {"name": "Can view About Image", "content_type": 15, "codename": "view_aboutimage"}}, {"model": "auth.permission", "pk": 61, "fields": {"name": "Can add About Button", "content_type": 16, "codename": "add_aboutbutton"}}, {"model": "auth.permission", "pk": 62, "fields": {"name": "Can change About Button", "content_type": 16, "codename": "change_aboutbutton"}}, {"model": "auth.permission", "pk": 63, "fields": {"name": "Can delete About Button", "content_type": 16, "codename": "delete_aboutbutton"}}, {"model": "auth.permission", "pk": 64, "fields": {"name": "Can view About Button", "content_type": 16, "codename": "view_aboutbutton"}}, {"model": "auth.permission", "pk": 65, "fields": {"name": "Can add Experience", "content_type": 17, "codename": "add_experience"}}, {"model": "auth.permission", "pk": 66, "fields": {"name": "Can change Experience", "content_type": 17, "codename": "change_experience"}}, {"model": "auth.permission", "pk": 67, "fields": {"name": "Can delete Experience", "content_type": 17, "codename": "delete_experience"}}, {"model": "auth.permission", "pk": 68, "fields": {"name": "Can view Experience", "content_type": 17, "codename": "view_experience"}}, {"model": "auth.permission", "pk": 69, "fields": {"name": "Can add CTA", "content_type": 18, "codename": "add_cta"}}, {"model": "auth.permission", "pk": 70, "fields": {"name": "Can change CTA", "content_type": 18, "codename": "change_cta"}}, {"model": "auth.permission", "pk": 71, "fields": {"name": "Can delete CTA", "content_type": 18, "codename": "delete_cta"}}, {"model": "auth.permission", "pk": 72, "fields": {"name": "Can view CTA", "content_type": 18, "codename": "view_cta"}}, {"model": "auth.permission", "pk": 73, "fields": {"name": "Can add CTA Button", "content_type": 19, "codename": "add_ctabutton"}}, {"model": "auth.permission", "pk": 74, "fields": {"name": "Can change CTA Button", "content_type": 19, "codename": "change_ctabutton"}}, {"model": "auth.permission", "pk": 75, "fields": {"name": "Can delete CTA Button", "content_type": 19, "codename": "delete_ctabutton"}}, {"model": "auth.permission", "pk": 76, "fields": {"name": "Can view CTA Button", "content_type": 19, "codename": "view_ctabutton"}}, {"model": "auth.permission", "pk": 77, "fields": {"name": "Can add Pricing", "content_type": 20, "codename": "add_pricing"}}, {"model": "auth.permission", "pk": 78, "fields": {"name": "Can change Pricing", "content_type": 20, "codename": "change_pricing"}}, {"model": "auth.permission", "pk": 79, "fields": {"name": "Can delete Pricing", "content_type": 20, "codename": "delete_pricing"}}, {"model": "auth.permission", "pk": 80, "fields": {"name": "Can view Pricing", "content_type": 20, "codename": "view_pricing"}}, {"model": "auth.permission", "pk": 81, "fields": {"name": "Can add Pricing Feature", "content_type": 21, "codename": "add_pricingfeature"}}, {"model": "auth.permission", "pk": 82, "fields": {"name": "Can change Pricing Feature", "content_type": 21, "codename": "change_pricingfeature"}}, {"model": "auth.permission", "pk": 83, "fields": {"name": "Can delete Pricing Feature", "content_type": 21, "codename": "delete_pricingfeature"}}, {"model": "auth.permission", "pk": 84, "fields": {"name": "Can view Pricing Feature", "content_type": 21, "codename": "view_pricingfeature"}}, {"model": "auth.permission", "pk": 85, "fields": {"name": "Can add Pricing Plan", "content_type": 22, "codename": "add_pricingplan"}}, {"model": "auth.permission", "pk": 86, "fields": {"name": "Can change Pricing Plan", "content_type": 22, "codename": "change_pricingplan"}}, {"model": "auth.permission", "pk": 87, "fields": {"name": "Can delete Pricing Plan", "content_type": 22, "codename": "delete_pricingplan"}}, {"model": "auth.permission", "pk": 88, "fields": {"name": "Can view Pricing Plan", "content_type": 22, "codename": "view_pricingplan"}}, {"model": "auth.permission", "pk": 89, "fields": {"name": "Can add testimonial", "content_type": 23, "codename": "add_testimonial"}}, {"model": "auth.permission", "pk": 90, "fields": {"name": "Can change testimonial", "content_type": 23, "codename": "change_testimonial"}}, {"model": "auth.permission", "pk": 91, "fields": {"name": "Can delete testimonial", "content_type": 23, "codename": "delete_testimonial"}}, {"model": "auth.permission", "pk": 92, "fields": {"name": "Can view testimonial", "content_type": 23, "codename": "view_testimonial"}}, {"model": "auth.permission", "pk": 93, "fields": {"name": "Can add Testimonial Section", "content_type": 24, "codename": "add_testimonialsection"}}, {"model": "auth.permission", "pk": 94, "fields": {"name": "Can change Testimonial Section", "content_type": 24, "codename": "change_testimonialsection"}}, {"model": "auth.permission", "pk": 95, "fields": {"name": "Can delete Testimonial Section", "content_type": 24, "codename": "delete_testimonialsection"}}, {"model": "auth.permission", "pk": 96, "fields": {"name": "Can view Testimonial Section", "content_type": 24, "codename": "view_testimonialsection"}}, {"model": "auth.permission", "pk": 97, "fields": {"name": "Can add Team Section", "content_type": 25, "codename": "add_teamsection"}}, {"model": "auth.permission", "pk": 98, "fields": {"name": "Can change Team Section", "content_type": 25, "codename": "change_teamsection"}}, {"model": "auth.permission", "pk": 99, "fields": {"name": "Can delete Team Section", "content_type": 25, "codename": "delete_teamsection"}}, {"model": "auth.permission", "pk": 100, "fields": {"name": "Can view Team Section", "content_type": 25, "codename": "view_teamsection"}}, {"model": "auth.permission", "pk": 101, "fields": {"name": "Can add FAQ", "content_type": 26, "codename": "add_faqsection"}}, {"model": "auth.permission", "pk": 102, "fields": {"name": "Can change FAQ", "content_type": 26, "codename": "change_faqsection"}}, {"model": "auth.permission", "pk": 103, "fields": {"name": "Can delete FAQ", "content_type": 26, "codename": "delete_faqsection"}}, {"model": "auth.permission", "pk": 104, "fields": {"name": "Can view FAQ", "content_type": 26, "codename": "view_faqsection"}}, {"model": "auth.permission", "pk": 105, "fields": {"name": "Can add Faq Question", "content_type": 27, "codename": "add_faqquestion"}}, {"model": "auth.permission", "pk": 106, "fields": {"name": "Can change Faq Question", "content_type": 27, "codename": "change_faqquestion"}}, {"model": "auth.permission", "pk": 107, "fields": {"name": "Can delete Faq Question", "content_type": 27, "codename": "delete_faqquestion"}}, {"model": "auth.permission", "pk": 108, "fields": {"name": "Can view Faq Question", "content_type": 27, "codename": "view_faqquestion"}}, {"model": "auth.permission", "pk": 109, "fields": {"name": "Can add Team Member", "content_type": 28, "codename": "add_teammember"}}, {"model": "auth.permission", "pk": 110, "fields": {"name": "Can change Team Member", "content_type": 28, "codename": "change_teammember"}}, {"model": "auth.permission", "pk": 111, "fields": {"name": "Can delete Team Member", "content_type": 28, "codename": "delete_teammember"}}, {"model": "auth.permission", "pk": 112, "fields": {"name": "Can view Team Member", "content_type": 28, "codename": "view_teammember"}}, {"model": "auth.permission", "pk": 113, "fields": {"name": "Can add Social", "content_type": 29, "codename": "add_teammembersociallink"}}, {"model": "auth.permission", "pk": 114, "fields": {"name": "Can change Social", "content_type": 29, "codename": "change_teammembersociallink"}}, {"model": "auth.permission", "pk": 115, "fields": {"name": "Can delete Social", "content_type": 29, "codename": "delete_teammembersociallink"}}, {"model": "auth.permission", "pk": 116, "fields": {"name": "Can view Social", "content_type": 29, "codename": "view_teammembersociallink"}}, {"model": "auth.user", "pk": 1, "fields": {"password": "pbkdf2_sha256$390000$sErNcRieMMbXL0asmF2rI3$GlqpbmKLRyCQ0AUvtEAJoqPOE4Ytg1ZBU4tdj3Cqd9s=", "last_login": "2024-09-24T07:14:16.754Z", "is_superuser": true, "username": "tail", "first_name": "", "last_name": "", "email": "", "is_staff": true, "is_active": true, "date_joined": "2024-09-05T12:46:05.509Z", "groups": [], "user_permissions": []}}, {"model": "contenttypes.contenttype", "pk": 1, "fields": {"app_label": "admin", "model": "logentry"}}, {"model": "contenttypes.contenttype", "pk": 2, "fields": {"app_label": "auth", "model": "permission"}}, {"model": "contenttypes.contenttype", "pk": 3, "fields": {"app_label": "auth", "model": "group"}}, {"model": "contenttypes.contenttype", "pk": 4, "fields": {"app_label": "auth", "model": "user"}}, {"model": "contenttypes.contenttype", "pk": 5, "fields": {"app_label": "contenttypes", "model": "contenttype"}}, {"model": "contenttypes.contenttype", "pk": 6, "fields": {"app_label": "sessions", "model": "session"}}, {"model": "contenttypes.contenttype", "pk": 7, "fields": {"app_label": "hero_section", "model": "autocreateupdate"}}, {"model": "contenttypes.contenttype", "pk": 8, "fields": {"app_label": "hero_section", "model": "herocontant"}}, {"model": "contenttypes.contenttype", "pk": 9, "fields": {"app_label": "hero_section", "model": "herobutton"}}, {"model": "contenttypes.contenttype", "pk": 10, "fields": {"app_label": "hero_section", "model": "technologyuses"}}, {"model": "contenttypes.contenttype", "pk": 11, "fields": {"app_label": "hero_section", "model": "technologysvg"}}, {"model": "contenttypes.contenttype", "pk": 12, "fields": {"app_label": "feature", "model": "feature"}}, {"model": "contenttypes.contenttype", "pk": 13, "fields": {"app_label": "feature", "model": "featureitem"}}, {"model": "contenttypes.contenttype", "pk": 14, "fields": {"app_label": "about", "model": "about"}}, {"model": "contenttypes.contenttype", "pk": 15, "fields": {"app_label": "about", "model": "aboutimage"}}, {"model": "contenttypes.contenttype", "pk": 16, "fields": {"app_label": "about", "model": "aboutbutton"}}, {"model": "contenttypes.contenttype", "pk": 17, "fields": {"app_label": "about", "model": "experience"}}, {"model": "contenttypes.contenttype", "pk": 18, "fields": {"app_label": "cta", "model": "cta"}}, {"model": "contenttypes.contenttype", "pk": 19, "fields": {"app_label": "cta", "model": "ctabutton"}}, {"model": "contenttypes.contenttype", "pk": 20, "fields": {"app_label": "pricing", "model": "pricing"}}, {"model": "contenttypes.contenttype", "pk": 21, "fields": {"app_label": "pricing", "model": "pricingfeature"}}, {"model": "contenttypes.contenttype", "pk": 22, "fields": {"app_label": "pricing", "model": "pricingplan"}}, {"model": "contenttypes.contenttype", "pk": 23, "fields": {"app_label": "testimonial", "model": "testimonial"}}, {"model": "contenttypes.contenttype", "pk": 24, "fields": {"app_label": "testimonial", "model": "testimonialsection"}}, {"model": "contenttypes.contenttype", "pk": 25, "fields": {"app_label": "faq_team", "model": "teamsection"}}, {"model": "contenttypes.contenttype", "pk": 26, "fields": {"app_label": "faq_team", "model": "faqsection"}}, {"model": "contenttypes.contenttype", "pk": 27, "fields": {"app_label": "faq_team", "model": "faqquestion"}}, {"model": "contenttypes.contenttype", "pk": 28, "fields": {"app_label": "faq_team", "model": "teammember"}}, {"model": "contenttypes.contenttype", "pk": 29, "fields": {"app_label": "faq_team", "model": "teammembersociallink"}}, {"model": "sessions.session", "pk": "fn6k58coua392gpc77q84wdnefw1pbn6", "fields": {"session_data": ".eJxVjDsOwjAQBe_iGln-xD9Kes5grXdtHEC2FCcV4u4QKQW0b2bei0XY1hq3kZc4EzszyU6_WwJ85LYDukO7dY69rcuc-K7wgw5-7ZSfl8P9O6gw6rdO0knMXhrQQiRCS0GqiYpD8t4aUUTODqagrJIagqeiAVF4Y4s1gTR7fwDkezfV:1sqXFL:0EMA5C4JUeensL9CdwulNSaZufSjqqVkVEslgHJahLM", "expire_date": "2024-10-01T12:23:55.171Z"}}, {"model": "sessions.session", "pk": "g2oqh5xeszf2g2dkjykejxzrvx5otiem", "fields": {"session_data": ".eJxVjDsOwjAQBe_iGln-xD9Kes5grXdtHEC2FCcV4u4QKQW0b2bei0XY1hq3kZc4EzszyU6_WwJ85LYDukO7dY69rcuc-K7wgw5-7ZSfl8P9O6gw6rdO0knMXhrQQiRCS0GqiYpD8t4aUUTODqagrJIagqeiAVF4Y4s1gTR7fwDkezfV:1sszkW:mvsQf43kuJbAw3z7ktiu1ndGVWj-q6E07OZ3wJFczYY", "expire_date": "2024-10-08T07:14:16.804Z"}}, {"model": "sessions.session", "pk": "j8j4i5xf2m3i2ppz6rvl80pixpy2avwm", "fields": {"session_data": ".eJxVjMsOgjAQRf-la9NMYVrQpXu_gcwLQQ1NKKyM_y4kLHR7zrn37Tpal6Fbi83dqO7igjv9MiZ52rQLfdB0z17ytMwj-z3xhy3-ltVe16P9OxioDNtaUkTQwIZqjBigFqQ6pDaqsFovDGh6rgywAQkcqYG4MelTS1AF9_kC9xo4Mw:1smebL:E9v8iCg1FwB5_LOql4z1CbDBkxWkO3Y3Cgbp5x46V8o", "expire_date": "2024-09-20T19:26:35.948Z"}}, {"model": "sessions.session", "pk": "zlmfbo3d8ep3xnk2f5yujkaimiug3ami", "fields": {"session_data": ".eJxVjMsOgjAQRf-la9NMYVrQpXu_gcwLQQ1NKKyM_y4kLHR7zrn37Tpal6Fbi83dqO7igjv9MiZ52rQLfdB0z17ytMwj-z3xhy3-ltVe16P9OxioDNtaUkTQwIZqjBigFqQ6pDaqsFovDGh6rgywAQkcqYG4MelTS1AF9_kC9xo4Mw:1smBsN:Egrb2IYhqrmJUQC9rDDTVdBi9kEwGNVql0_m3IiIRPQ", "expire_date": "2024-09-19T12:46:15.042Z"}}, {"model": "about.about", "pk": 15, "fields": {"title": "Brilliant Toolkit to Build Nextgen Website Faster.", "content": "{\"delta\":\"{\\\"ops\\\":[{\\\"insert\\\":\\\"The main ‘thrust' is to focus on educating attendees on how to best protect highly vulnerable business applications with interactive panel discussions and roundtables led by subject matter experts.\\\\n\\\\nThe main ‘thrust' is to focus on educating attendees on how to best protect highly vulnerable business applications with interactive panel.\\\\n\\\"}]}\",\"html\":\"<p>The main ‘thrust' is to focus on educating attendees on how to best protect highly vulnerable business applications with interactive panel discussions and roundtables led by subject matter experts.</p><p><br></p><p>The main ‘thrust' is to focus on educating attendees on how to best protect highly vulnerable business applications with interactive panel.</p>\"}"}}, {"model": "about.aboutimage", "pk": 16, "fields": {"abouts": 15, "name": null, "image": "about/image/about-image-02_3USYXhv.jpg"}}, {"model": "about.aboutimage", "pk": 17, "fields": {"abouts": 15, "name": null, "image": "about/image/about-image-01_QihAZb4.jpg"}}, {"model": "about.aboutbutton", "pk": 18, "fields": {"abouts": 15, "button_name": "Know More", "button_link": "javascript:void(0)"}}, {"model": "about.experience", "pk": 19, "fields": {"abouts": 15, "title": "We have", "description": "Years of experience", "years": 9}}, {"model": "cta.cta", "pk": 20, "fields": {"cta_title": "What Are You Looking For?", "cta_subtitle": "Get Started Now", "cta_description": "There are many variations of passages of Lorem Ipsum but the majority have suffered in some form."}}, {"model": "cta.ctabutton", "pk": 21, "fields": {"ctas": 20, "button_name": "Start using Play", "button_link": "javascript:void(0)"}}, {"model": "faq_team.faqsection", "pk": 43, "fields": {"title": "FAQ", "heading": "Any Questions? Look Here", "description": "There are many variations of passages of Lorem Ipsum available but the majority have suffered alteration in some form."}}, {"model": "faq_team.faqquestion", "pk": 44, "fields": {"question": "Is TailGrids Well-documented 5", "answer": "It takes 2-3 weeks to get your first blog post ready. That includes the in-depth research & creation of your monthly content ui/ux strategy that we do writing your first blog post."}}, {"model": "faq_team.faqquestion", "pk": 45, "fields": {"question": "Is TailGrids Well-documented 4", "answer": "It takes 2-3 weeks to get your first blog post ready. That includes the in-depth research & creation of your monthly content ui/ux strategy that we do writing your first blog post."}}, {"model": "faq_team.faqquestion", "pk": 46, "fields": {"question": "Is TailGrids Well-documented 3", "answer": "It takes 2-3 weeks to get your first blog post ready. That includes the in-depth research & creation of your monthly content ui/ux strategy that we do writing your first blog post."}}, {"model": "faq_team.faqquestion", "pk": 47, "fields": {"question": "Is TailGrids Well-documented 2", "answer": "It takes 2-3 weeks to get your first blog post ready. That includes the in-depth research & creation of your monthly content ui/ux strategy that we do writing your first blog post."}}, {"model": "faq_team.faqquestion", "pk": 48, "fields": {"question": "Is TailGrids Well-documented 1", "answer": "It takes 2-3 weeks to get your first blog post ready. That includes the in-depth research & creation of your monthly content ui/ux strategy that we do writing your first blog post."}}, {"model": "faq_team.faqquestion", "pk": 49, "fields": {"question": "Is TailGrids Well-documented 6", "answer": "It takes 2-3 weeks to get your first blog post ready. That includes the in-depth research & creation of your monthly content ui/ux strategy that we do writing your first blog post."}}, {"model": "faq_team.teamsection", "pk": 50, "fields": {"title": "Our Team Members", "heading": "Our Creative Team", "description": "There are many variations of passages of Lorem Ipsum available but the majority have suffered alteration in some form."}}, {"model": "faq_team.teammember", "pk": 51, "fields": {"name": "Melissa Tatcher", "designation": "Marketing Expert", "image": "team/image/team-01.png"}}, {"model": "faq_team.teammember", "pk": 55, "fields": {"name": "Stuard Ferrel", "designation": "Digital Marketer", "image": "team/image/team-02.png"}}, {"model": "faq_team.teammember", "pk": 59, "fields": {"name": "Eva Hudson", "designation": "Creative Designer", "image": "team/image/team-03.png"}}, {"model": "faq_team.teammember", "pk": 63, "fields": {"name": "Jackie Sanders", "designation": "SEO Expert", "image": "team/image/team-04.png"}}, {"model": "faq_team.teammembersociallink", "pk": 52, "fields": {"team": 51, "name": "Facebook", "svg_image": "<svg width=\"18\" height=\"18\" viewBox=\"0 0 18 18\" fill=\"none\" xmlns=\"http://www.w3.org/2000/svg\" class=\"fill-current\">\r\n                <path d=\"M13.3315 7.25625H11.7565H11.194V6.69375V4.95V4.3875H11.7565H12.9377C13.2471 4.3875 13.5002 4.1625 13.5002 3.825V0.84375C13.5002 0.534375 13.2752 0.28125 12.9377 0.28125H10.8846C8.66272 0.28125 7.11584 1.85625 7.11584 4.19062V6.6375V7.2H6.55334H4.64084C4.24709 7.2 3.88147 7.50937 3.88147 7.95937V9.98438C3.88147 10.3781 4.19084 10.7438 4.64084 10.7438H6.49709H7.05959V11.3063V16.9594C7.05959 17.3531 7.36897 17.7188 7.81897 17.7188H10.4627C10.6315 17.7188 10.7721 17.6344 10.8846 17.5219C10.9971 17.4094 11.0815 17.2125 11.0815 17.0437V11.3344V10.7719H11.6721H12.9377C13.3033 10.7719 13.5846 10.5469 13.6408 10.2094V10.1813V10.1531L14.0346 8.2125C14.0627 8.01562 14.0346 7.79063 13.8658 7.56562C13.8096 7.425 13.5565 7.28437 13.3315 7.25625Z\" fill=\"\"></path>\r\n              </svg>", "link": "javascript:void(0)"}}, {"model": "faq_team.teammembersociallink", "pk": 53, "fields": {"team": 51, "name": "X", "svg_image": "<svg width=\"18\" height=\"18\" viewBox=\"0 0 18 18\" fill=\"none\" xmlns=\"http://www.w3.org/2000/svg\" class=\"fill-current\">\r\n                <path d=\"M16.4647 4.83752C16.565 4.72065 16.4343 4.56793 16.2859 4.62263C15.9549 4.74474 15.6523 4.82528 15.2049 4.875C15.7552 4.56855 16.0112 4.13054 16.2194 3.59407C16.2696 3.46467 16.1182 3.34725 15.9877 3.40907C15.458 3.66023 14.8864 3.84658 14.2854 3.95668C13.6913 3.3679 12.8445 3 11.9077 3C10.1089 3 8.65027 4.35658 8.65027 6.02938C8.65027 6.26686 8.67937 6.49818 8.73427 6.71966C6.14854 6.59919 3.84286 5.49307 2.24098 3.79696C2.13119 3.68071 1.93197 3.69614 1.86361 3.83792C1.68124 4.21619 1.57957 4.63582 1.57957 5.07762C1.57957 6.12843 2.15446 7.05557 3.02837 7.59885C2.63653 7.58707 2.2618 7.51073 1.91647 7.38116C1.74834 7.31808 1.5556 7.42893 1.57819 7.59847C1.75162 8.9004 2.80568 9.97447 4.16624 10.2283C3.89302 10.2978 3.60524 10.3347 3.30754 10.3347C3.23536 10.3347 3.16381 10.3324 3.0929 10.3281C2.91247 10.3169 2.76583 10.4783 2.84319 10.6328C3.35357 11.6514 4.45563 12.3625 5.73809 12.3847C4.62337 13.1974 3.21889 13.6816 1.69269 13.6816C1.50451 13.6816 1.42378 13.9235 1.59073 14.0056C2.88015 14.6394 4.34854 15 5.90878 15C11.9005 15 15.1765 10.384 15.1765 6.38067C15.1765 6.24963 15.1732 6.11858 15.1672 5.98877C15.6535 5.66205 16.0907 5.27354 16.4647 4.83752Z\" fill=\"\"></path>\r\n              </svg>", "link": "javascript:void(0)"}}, {"model": "faq_team.teammembersociallink", "pk": 54, "fields": {"team": 51, "name": "Instagram", "svg_image": "<svg width=\"18\" height=\"18\" viewBox=\"0 0 18 18\" fill=\"none\" xmlns=\"http://www.w3.org/2000/svg\" class=\"fill-current\">\r\n                <path d=\"M9.02429 11.8066C10.5742 11.8066 11.8307 10.5501 11.8307 9.00018C11.8307 7.45022 10.5742 6.19373 9.02429 6.19373C7.47433 6.19373 6.21783 7.45022 6.21783 9.00018C6.21783 10.5501 7.47433 11.8066 9.02429 11.8066Z\" fill=\"\"></path>\r\n                <path d=\"M12.0726 1.5H5.92742C3.48387 1.5 1.5 3.48387 1.5 5.92742V12.0242C1.5 14.5161 3.48387 16.5 5.92742 16.5H12.0242C14.5161 16.5 16.5 14.5161 16.5 12.0726V5.92742C16.5 3.48387 14.5161 1.5 12.0726 1.5ZM9.02419 12.6774C6.96774 12.6774 5.34677 11.0081 5.34677 9C5.34677 6.99194 6.99194 5.32258 9.02419 5.32258C11.0323 5.32258 12.6774 6.99194 12.6774 9C12.6774 11.0081 11.0565 12.6774 9.02419 12.6774ZM14.1048 5.66129C13.8629 5.92742 13.5 6.07258 13.0887 6.07258C12.7258 6.07258 12.3629 5.92742 12.0726 5.66129C11.8065 5.39516 11.6613 5.05645 11.6613 4.64516C11.6613 4.23387 11.8065 3.91935 12.0726 3.62903C12.3387 3.33871 12.6774 3.19355 13.0887 3.19355C13.4516 3.19355 13.8387 3.33871 14.1048 3.60484C14.3468 3.91935 14.5161 4.28226 14.5161 4.66935C14.4919 5.05645 14.3468 5.39516 14.1048 5.66129Z\" fill=\"\"></path>\r\n                <path d=\"M13.1135 4.06433C12.799 4.06433 12.5329 4.33046 12.5329 4.64498C12.5329 4.95949 12.799 5.22562 13.1135 5.22562C13.428 5.22562 13.6942 4.95949 13.6942 4.64498C13.6942 4.33046 13.4522 4.06433 13.1135 4.06433Z\" fill=\"\"></path>\r\n              </svg>", "link": "javascript:void(0)"}}, {"model": "faq_team.teammembersociallink", "pk": 56, "fields": {"team": 55, "name": "Facebook", "svg_image": "<svg width=\"18\" height=\"18\" viewBox=\"0 0 18 18\" fill=\"none\" xmlns=\"http://www.w3.org/2000/svg\" class=\"fill-current\">\r\n                <path d=\"M13.3315 7.25625H11.7565H11.194V6.69375V4.95V4.3875H11.7565H12.9377C13.2471 4.3875 13.5002 4.1625 13.5002 3.825V0.84375C13.5002 0.534375 13.2752 0.28125 12.9377 0.28125H10.8846C8.66272 0.28125 7.11584 1.85625 7.11584 4.19062V6.6375V7.2H6.55334H4.64084C4.24709 7.2 3.88147 7.50937 3.88147 7.95937V9.98438C3.88147 10.3781 4.19084 10.7438 4.64084 10.7438H6.49709H7.05959V11.3063V16.9594C7.05959 17.3531 7.36897 17.7188 7.81897 17.7188H10.4627C10.6315 17.7188 10.7721 17.6344 10.8846 17.5219C10.9971 17.4094 11.0815 17.2125 11.0815 17.0437V11.3344V10.7719H11.6721H12.9377C13.3033 10.7719 13.5846 10.5469 13.6408 10.2094V10.1813V10.1531L14.0346 8.2125C14.0627 8.01562 14.0346 7.79063 13.8658 7.56562C13.8096 7.425 13.5565 7.28437 13.3315 7.25625Z\" fill=\"\"></path>\r\n              </svg>", "link": "javascript:void(0)"}}, {"model": "faq_team.teammembersociallink", "pk": 57, "fields": {"team": 55, "name": "X", "svg_image": "<svg width=\"18\" height=\"18\" viewBox=\"0 0 18 18\" fill=\"none\" xmlns=\"http://www.w3.org/2000/svg\" class=\"fill-current\">\r\n                <path d=\"M16.4647 4.83752C16.565 4.72065 16.4343 4.56793 16.2859 4.62263C15.9549 4.74474 15.6523 4.82528 15.2049 4.875C15.7552 4.56855 16.0112 4.13054 16.2194 3.59407C16.2696 3.46467 16.1182 3.34725 15.9877 3.40907C15.458 3.66023 14.8864 3.84658 14.2854 3.95668C13.6913 3.3679 12.8445 3 11.9077 3C10.1089 3 8.65027 4.35658 8.65027 6.02938C8.65027 6.26686 8.67937 6.49818 8.73427 6.71966C6.14854 6.59919 3.84286 5.49307 2.24098 3.79696C2.13119 3.68071 1.93197 3.69614 1.86361 3.83792C1.68124 4.21619 1.57957 4.63582 1.57957 5.07762C1.57957 6.12843 2.15446 7.05557 3.02837 7.59885C2.63653 7.58707 2.2618 7.51073 1.91647 7.38116C1.74834 7.31808 1.5556 7.42893 1.57819 7.59847C1.75162 8.9004 2.80568 9.97447 4.16624 10.2283C3.89302 10.2978 3.60524 10.3347 3.30754 10.3347C3.23536 10.3347 3.16381 10.3324 3.0929 10.3281C2.91247 10.3169 2.76583 10.4783 2.84319 10.6328C3.35357 11.6514 4.45563 12.3625 5.73809 12.3847C4.62337 13.1974 3.21889 13.6816 1.69269 13.6816C1.50451 13.6816 1.42378 13.9235 1.59073 14.0056C2.88015 14.6394 4.34854 15 5.90878 15C11.9005 15 15.1765 10.384 15.1765 6.38067C15.1765 6.24963 15.1732 6.11858 15.1672 5.98877C15.6535 5.66205 16.0907 5.27354 16.4647 4.83752Z\" fill=\"\"></path>\r\n              </svg>", "link": "javascript:void(0)"}}, {"model": "faq_team.teammembersociallink", "pk": 58, "fields": {"team": 55, "name": "Instagram", "svg_image": "<svg width=\"18\" height=\"18\" viewBox=\"0 0 18 18\" fill=\"none\" xmlns=\"http://www.w3.org/2000/svg\" class=\"fill-current\">\r\n                <path d=\"M9.02429 11.8066C10.5742 11.8066 11.8307 10.5501 11.8307 9.00018C11.8307 7.45022 10.5742 6.19373 9.02429 6.19373C7.47433 6.19373 6.21783 7.45022 6.21783 9.00018C6.21783 10.5501 7.47433 11.8066 9.02429 11.8066Z\" fill=\"\"></path>\r\n                <path d=\"M12.0726 1.5H5.92742C3.48387 1.5 1.5 3.48387 1.5 5.92742V12.0242C1.5 14.5161 3.48387 16.5 5.92742 16.5H12.0242C14.5161 16.5 16.5 14.5161 16.5 12.0726V5.92742C16.5 3.48387 14.5161 1.5 12.0726 1.5ZM9.02419 12.6774C6.96774 12.6774 5.34677 11.0081 5.34677 9C5.34677 6.99194 6.99194 5.32258 9.02419 5.32258C11.0323 5.32258 12.6774 6.99194 12.6774 9C12.6774 11.0081 11.0565 12.6774 9.02419 12.6774ZM14.1048 5.66129C13.8629 5.92742 13.5 6.07258 13.0887 6.07258C12.7258 6.07258 12.3629 5.92742 12.0726 5.66129C11.8065 5.39516 11.6613 5.05645 11.6613 4.64516C11.6613 4.23387 11.8065 3.91935 12.0726 3.62903C12.3387 3.33871 12.6774 3.19355 13.0887 3.19355C13.4516 3.19355 13.8387 3.33871 14.1048 3.60484C14.3468 3.91935 14.5161 4.28226 14.5161 4.66935C14.4919 5.05645 14.3468 5.39516 14.1048 5.66129Z\" fill=\"\"></path>\r\n                <path d=\"M13.1135 4.06433C12.799 4.06433 12.5329 4.33046 12.5329 4.64498C12.5329 4.95949 12.799 5.22562 13.1135 5.22562C13.428 5.22562 13.6942 4.95949 13.6942 4.64498C13.6942 4.33046 13.4522 4.06433 13.1135 4.06433Z\" fill=\"\"></path>\r\n              </svg>", "link": "javascript:void(0)"}}, {"model": "faq_team.teammembersociallink", "pk": 60, "fields": {"team": 59, "name": "Facebook", "svg_image": "<svg width=\"18\" height=\"18\" viewBox=\"0 0 18 18\" fill=\"none\" xmlns=\"http://www.w3.org/2000/svg\" class=\"fill-current\">\r\n                <path d=\"M13.3315 7.25625H11.7565H11.194V6.69375V4.95V4.3875H11.7565H12.9377C13.2471 4.3875 13.5002 4.1625 13.5002 3.825V0.84375C13.5002 0.534375 13.2752 0.28125 12.9377 0.28125H10.8846C8.66272 0.28125 7.11584 1.85625 7.11584 4.19062V6.6375V7.2H6.55334H4.64084C4.24709 7.2 3.88147 7.50937 3.88147 7.95937V9.98438C3.88147 10.3781 4.19084 10.7438 4.64084 10.7438H6.49709H7.05959V11.3063V16.9594C7.05959 17.3531 7.36897 17.7188 7.81897 17.7188H10.4627C10.6315 17.7188 10.7721 17.6344 10.8846 17.5219C10.9971 17.4094 11.0815 17.2125 11.0815 17.0437V11.3344V10.7719H11.6721H12.9377C13.3033 10.7719 13.5846 10.5469 13.6408 10.2094V10.1813V10.1531L14.0346 8.2125C14.0627 8.01562 14.0346 7.79063 13.8658 7.56562C13.8096 7.425 13.5565 7.28437 13.3315 7.25625Z\" fill=\"\"></path>\r\n              </svg>", "link": "javascript:void(0)"}}, {"model": "faq_team.teammembersociallink", "pk": 61, "fields": {"team": 59, "name": "X", "svg_image": "<svg width=\"18\" height=\"18\" viewBox=\"0 0 18 18\" fill=\"none\" xmlns=\"http://www.w3.org/2000/svg\" class=\"fill-current\">\r\n                <path d=\"M16.4647 4.83752C16.565 4.72065 16.4343 4.56793 16.2859 4.62263C15.9549 4.74474 15.6523 4.82528 15.2049 4.875C15.7552 4.56855 16.0112 4.13054 16.2194 3.59407C16.2696 3.46467 16.1182 3.34725 15.9877 3.40907C15.458 3.66023 14.8864 3.84658 14.2854 3.95668C13.6913 3.3679 12.8445 3 11.9077 3C10.1089 3 8.65027 4.35658 8.65027 6.02938C8.65027 6.26686 8.67937 6.49818 8.73427 6.71966C6.14854 6.59919 3.84286 5.49307 2.24098 3.79696C2.13119 3.68071 1.93197 3.69614 1.86361 3.83792C1.68124 4.21619 1.57957 4.63582 1.57957 5.07762C1.57957 6.12843 2.15446 7.05557 3.02837 7.59885C2.63653 7.58707 2.2618 7.51073 1.91647 7.38116C1.74834 7.31808 1.5556 7.42893 1.57819 7.59847C1.75162 8.9004 2.80568 9.97447 4.16624 10.2283C3.89302 10.2978 3.60524 10.3347 3.30754 10.3347C3.23536 10.3347 3.16381 10.3324 3.0929 10.3281C2.91247 10.3169 2.76583 10.4783 2.84319 10.6328C3.35357 11.6514 4.45563 12.3625 5.73809 12.3847C4.62337 13.1974 3.21889 13.6816 1.69269 13.6816C1.50451 13.6816 1.42378 13.9235 1.59073 14.0056C2.88015 14.6394 4.34854 15 5.90878 15C11.9005 15 15.1765 10.384 15.1765 6.38067C15.1765 6.24963 15.1732 6.11858 15.1672 5.98877C15.6535 5.66205 16.0907 5.27354 16.4647 4.83752Z\" fill=\"\"></path>\r\n              </svg>", "link": "javascript:void(0)"}}, {"model": "faq_team.teammembersociallink", "pk": 62, "fields": {"team": 59, "name": "Instagram", "svg_image": "<svg width=\"18\" height=\"18\" viewBox=\"0 0 18 18\" fill=\"none\" xmlns=\"http://www.w3.org/2000/svg\" class=\"fill-current\">\r\n                <path d=\"M9.02429 11.8066C10.5742 11.8066 11.8307 10.5501 11.8307 9.00018C11.8307 7.45022 10.5742 6.19373 9.02429 6.19373C7.47433 6.19373 6.21783 7.45022 6.21783 9.00018C6.21783 10.5501 7.47433 11.8066 9.02429 11.8066Z\" fill=\"\"></path>\r\n                <path d=\"M12.0726 1.5H5.92742C3.48387 1.5 1.5 3.48387 1.5 5.92742V12.0242C1.5 14.5161 3.48387 16.5 5.92742 16.5H12.0242C14.5161 16.5 16.5 14.5161 16.5 12.0726V5.92742C16.5 3.48387 14.5161 1.5 12.0726 1.5ZM9.02419 12.6774C6.96774 12.6774 5.34677 11.0081 5.34677 9C5.34677 6.99194 6.99194 5.32258 9.02419 5.32258C11.0323 5.32258 12.6774 6.99194 12.6774 9C12.6774 11.0081 11.0565 12.6774 9.02419 12.6774ZM14.1048 5.66129C13.8629 5.92742 13.5 6.07258 13.0887 6.07258C12.7258 6.07258 12.3629 5.92742 12.0726 5.66129C11.8065 5.39516 11.6613 5.05645 11.6613 4.64516C11.6613 4.23387 11.8065 3.91935 12.0726 3.62903C12.3387 3.33871 12.6774 3.19355 13.0887 3.19355C13.4516 3.19355 13.8387 3.33871 14.1048 3.60484C14.3468 3.91935 14.5161 4.28226 14.5161 4.66935C14.4919 5.05645 14.3468 5.39516 14.1048 5.66129Z\" fill=\"\"></path>\r\n                <path d=\"M13.1135 4.06433C12.799 4.06433 12.5329 4.33046 12.5329 4.64498C12.5329 4.95949 12.799 5.22562 13.1135 5.22562C13.428 5.22562 13.6942 4.95949 13.6942 4.64498C13.6942 4.33046 13.4522 4.06433 13.1135 4.06433Z\" fill=\"\"></path>\r\n              </svg>", "link": "javascript:void(0)"}}, {"model": "faq_team.teammembersociallink", "pk": 64, "fields": {"team": 63, "name": "Facebook", "svg_image": "<svg width=\"18\" height=\"18\" viewBox=\"0 0 18 18\" fill=\"none\" xmlns=\"http://www.w3.org/2000/svg\" class=\"fill-current\">\r\n                <path d=\"M13.3315 7.25625H11.7565H11.194V6.69375V4.95V4.3875H11.7565H12.9377C13.2471 4.3875 13.5002 4.1625 13.5002 3.825V0.84375C13.5002 0.534375 13.2752 0.28125 12.9377 0.28125H10.8846C8.66272 0.28125 7.11584 1.85625 7.11584 4.19062V6.6375V7.2H6.55334H4.64084C4.24709 7.2 3.88147 7.50937 3.88147 7.95937V9.98438C3.88147 10.3781 4.19084 10.7438 4.64084 10.7438H6.49709H7.05959V11.3063V16.9594C7.05959 17.3531 7.36897 17.7188 7.81897 17.7188H10.4627C10.6315 17.7188 10.7721 17.6344 10.8846 17.5219C10.9971 17.4094 11.0815 17.2125 11.0815 17.0437V11.3344V10.7719H11.6721H12.9377C13.3033 10.7719 13.5846 10.5469 13.6408 10.2094V10.1813V10.1531L14.0346 8.2125C14.0627 8.01562 14.0346 7.79063 13.8658 7.56562C13.8096 7.425 13.5565 7.28437 13.3315 7.25625Z\" fill=\"\"></path>\r\n              </svg>", "link": "javascript:void(0)"}}, {"model": "faq_team.teammembersociallink", "pk": 65, "fields": {"team": 63, "name": "X", "svg_image": "<svg width=\"18\" height=\"18\" viewBox=\"0 0 18 18\" fill=\"none\" xmlns=\"http://www.w3.org/2000/svg\" class=\"fill-current\">\r\n                <path d=\"M16.4647 4.83752C16.565 4.72065 16.4343 4.56793 16.2859 4.62263C15.9549 4.74474 15.6523 4.82528 15.2049 4.875C15.7552 4.56855 16.0112 4.13054 16.2194 3.59407C16.2696 3.46467 16.1182 3.34725 15.9877 3.40907C15.458 3.66023 14.8864 3.84658 14.2854 3.95668C13.6913 3.3679 12.8445 3 11.9077 3C10.1089 3 8.65027 4.35658 8.65027 6.02938C8.65027 6.26686 8.67937 6.49818 8.73427 6.71966C6.14854 6.59919 3.84286 5.49307 2.24098 3.79696C2.13119 3.68071 1.93197 3.69614 1.86361 3.83792C1.68124 4.21619 1.57957 4.63582 1.57957 5.07762C1.57957 6.12843 2.15446 7.05557 3.02837 7.59885C2.63653 7.58707 2.2618 7.51073 1.91647 7.38116C1.74834 7.31808 1.5556 7.42893 1.57819 7.59847C1.75162 8.9004 2.80568 9.97447 4.16624 10.2283C3.89302 10.2978 3.60524 10.3347 3.30754 10.3347C3.23536 10.3347 3.16381 10.3324 3.0929 10.3281C2.91247 10.3169 2.76583 10.4783 2.84319 10.6328C3.35357 11.6514 4.45563 12.3625 5.73809 12.3847C4.62337 13.1974 3.21889 13.6816 1.69269 13.6816C1.50451 13.6816 1.42378 13.9235 1.59073 14.0056C2.88015 14.6394 4.34854 15 5.90878 15C11.9005 15 15.1765 10.384 15.1765 6.38067C15.1765 6.24963 15.1732 6.11858 15.1672 5.98877C15.6535 5.66205 16.0907 5.27354 16.4647 4.83752Z\" fill=\"\"></path>\r\n              </svg>", "link": "javascript:void(0)"}}, {"model": "faq_team.teammembersociallink", "pk": 66, "fields": {"team": 63, "name": "Instagram", "svg_image": "<svg width=\"18\" height=\"18\" viewBox=\"0 0 18 18\" fill=\"none\" xmlns=\"http://www.w3.org/2000/svg\" class=\"fill-current\">\r\n                <path d=\"M9.02429 11.8066C10.5742 11.8066 11.8307 10.5501 11.8307 9.00018C11.8307 7.45022 10.5742 6.19373 9.02429 6.19373C7.47433 6.19373 6.21783 7.45022 6.21783 9.00018C6.21783 10.5501 7.47433 11.8066 9.02429 11.8066Z\" fill=\"\"></path>\r\n                <path d=\"M12.0726 1.5H5.92742C3.48387 1.5 1.5 3.48387 1.5 5.92742V12.0242C1.5 14.5161 3.48387 16.5 5.92742 16.5H12.0242C14.5161 16.5 16.5 14.5161 16.5 12.0726V5.92742C16.5 3.48387 14.5161 1.5 12.0726 1.5ZM9.02419 12.6774C6.96774 12.6774 5.34677 11.0081 5.34677 9C5.34677 6.99194 6.99194 5.32258 9.02419 5.32258C11.0323 5.32258 12.6774 6.99194 12.6774 9C12.6774 11.0081 11.0565 12.6774 9.02419 12.6774ZM14.1048 5.66129C13.8629 5.92742 13.5 6.07258 13.0887 6.07258C12.7258 6.07258 12.3629 5.92742 12.0726 5.66129C11.8065 5.39516 11.6613 5.05645 11.6613 4.64516C11.6613 4.23387 11.8065 3.91935 12.0726 3.62903C12.3387 3.33871 12.6774 3.19355 13.0887 3.19355C13.4516 3.19355 13.8387 3.33871 14.1048 3.60484C14.3468 3.91935 14.5161 4.28226 14.5161 4.66935C14.4919 5.05645 14.3468 5.39516 14.1048 5.66129Z\" fill=\"\"></path>\r\n                <path d=\"M13.1135 4.06433C12.799 4.06433 12.5329 4.33046 12.5329 4.64498C12.5329 4.95949 12.799 5.22562 13.1135 5.22562C13.428 5.22562 13.6942 4.95949 13.6942 4.64498C13.6942 4.33046 13.4522 4.06433 13.1135 4.06433Z\" fill=\"\"></path>\r\n              </svg>", "link": "javascript:void(0)"}}, {"model": "feature.feature", "pk": 10, "fields": {"name": "Features", "title": "Main Features Of Play", "description": "There are many variations of passages of Lorem Ipsum available but the majority have suffered alteration in some form."}}, {"model": "feature.featureitem", "pk": 11, "fields": {"features": 10, "name": "Free and Open-Source", "title": "Free and Open-Source", "description": "Lorem Ipsum is simply dummy text of the printing and industry.", "link": "javascript:void(0)", "link_title": "Learn More", "svg_image": "<svg\r\n                width=\"37\"\r\n                height=\"37\"\r\n                viewBox=\"0 0 37 37\"\r\n                fill=\"none\"\r\n                xmlns=\"http://www.w3.org/2000/svg\"\r\n              >\r\n                <path\r\n                  d=\"M30.5801 8.30514H27.9926C28.6113 7.85514 29.1176 7.34889 29.3426 6.73014C29.6801 5.88639 29.6801 4.48014 27.9363 2.84889C26.0801 1.04889 24.3926 1.04889 23.3238 1.33014C20.9051 1.94889 19.2738 4.76139 18.3738 6.78639C17.4738 4.76139 15.8426 2.00514 13.4238 1.33014C12.3551 1.04889 10.6676 1.10514 8.81133 2.84889C7.06758 4.53639 7.12383 5.88639 7.40508 6.73014C7.63008 7.34889 8.13633 7.85514 8.75508 8.30514H5.71758C4.08633 8.30514 2.73633 9.65514 2.73633 11.2864V14.9989C2.73633 16.5739 4.03008 17.8676 5.60508 17.9239V31.6489C5.60508 33.5614 7.18008 35.1926 9.14883 35.1926H27.5426C29.4551 35.1926 31.0863 33.6176 31.0863 31.6489V17.8676C32.4926 17.6426 33.5613 16.4051 33.5613 14.9426V11.2301C33.5613 9.59889 32.2113 8.30514 30.5801 8.30514ZM23.9426 3.69264C23.9988 3.69264 24.1676 3.63639 24.3363 3.63639C24.7301 3.63639 25.3488 3.80514 26.1926 4.59264C26.8676 5.21139 27.0363 5.66139 26.9801 5.77389C26.6988 6.56139 23.8863 7.40514 20.6801 7.74264C21.4676 5.99889 22.6488 4.03014 23.9426 3.69264ZM10.4988 4.64889C11.3426 3.86139 11.9613 3.69264 12.3551 3.69264C12.5238 3.69264 12.6363 3.74889 12.7488 3.74889C14.0426 4.08639 15.2801 5.99889 16.0676 7.79889C12.8613 7.46139 10.0488 6.61764 9.76758 5.83014C9.71133 5.66139 9.88008 5.26764 10.4988 4.64889ZM5.26758 14.9426V11.2301C5.26758 11.0051 5.43633 10.7801 5.71758 10.7801H30.5801C30.8051 10.7801 31.0301 10.9489 31.0301 11.2301V14.9426C31.0301 15.1676 30.8613 15.3926 30.5801 15.3926H5.71758C5.49258 15.3926 5.26758 15.2239 5.26758 14.9426ZM27.5426 32.6614H9.14883C8.58633 32.6614 8.13633 32.2114 8.13633 31.6489V17.9239H28.4988V31.6489C28.5551 32.2114 28.1051 32.6614 27.5426 32.6614Z\"\r\n                  fill=\"white\"\r\n                />\r\n              </svg>"}}, {"model": "feature.featureitem", "pk": 12, "fields": {"features": 10, "name": "Multipurpose Template", "title": "Multipurpose Template", "description": "Lorem Ipsum is simply dummy text of the printing and industry.", "link": "javascript:void(0)", "link_title": "Learn More", "svg_image": "<svg width=\"36\" height=\"36\" viewBox=\"0 0 36 36\" fill=\"none\" xmlns=\"http://www.w3.org/2000/svg\">\r\n                  <path d=\"M30.5998 1.01245H5.39981C2.98105 1.01245 0.956055 2.9812 0.956055 5.4562V30.6562C0.956055 33.075 2.9248 35.0437 5.39981 35.0437H30.5998C33.0186 35.0437 34.9873 33.075 34.9873 30.6562V5.39995C34.9873 2.9812 33.0186 1.01245 30.5998 1.01245ZM5.39981 3.48745H30.5998C31.6123 3.48745 32.4561 4.3312 32.4561 5.39995V11.1937H3.4873V5.39995C3.4873 4.38745 4.38731 3.48745 5.39981 3.48745ZM3.4873 30.6V13.725H23.0623V32.5125H5.39981C4.38731 32.5125 3.4873 31.6125 3.4873 30.6ZM30.5998 32.5125H25.5373V13.725H32.4561V30.6C32.5123 31.6125 31.6123 32.5125 30.5998 32.5125Z\" fill=\"white\"></path>\r\n                </svg>"}}, {"model": "feature.featureitem", "pk": 13, "fields": {"features": 10, "name": "Multipurpose Template 2", "title": "Multipurpose Template 2", "description": "Lorem Ipsum is simply dummy text of the printing and industry.", "link": "javascript:void(0)", "link_title": "Learn More", "svg_image": "<svg\r\n                width=\"37\"\r\n                height=\"37\"\r\n                viewBox=\"0 0 37 37\"\r\n                fill=\"none\"\r\n                xmlns=\"http://www.w3.org/2000/svg\"\r\n              >\r\n                <path\r\n                  d=\"M30.5801 8.30514H27.9926C28.6113 7.85514 29.1176 7.34889 29.3426 6.73014C29.6801 5.88639 29.6801 4.48014 27.9363 2.84889C26.0801 1.04889 24.3926 1.04889 23.3238 1.33014C20.9051 1.94889 19.2738 4.76139 18.3738 6.78639C17.4738 4.76139 15.8426 2.00514 13.4238 1.33014C12.3551 1.04889 10.6676 1.10514 8.81133 2.84889C7.06758 4.53639 7.12383 5.88639 7.40508 6.73014C7.63008 7.34889 8.13633 7.85514 8.75508 8.30514H5.71758C4.08633 8.30514 2.73633 9.65514 2.73633 11.2864V14.9989C2.73633 16.5739 4.03008 17.8676 5.60508 17.9239V31.6489C5.60508 33.5614 7.18008 35.1926 9.14883 35.1926H27.5426C29.4551 35.1926 31.0863 33.6176 31.0863 31.6489V17.8676C32.4926 17.6426 33.5613 16.4051 33.5613 14.9426V11.2301C33.5613 9.59889 32.2113 8.30514 30.5801 8.30514ZM23.9426 3.69264C23.9988 3.69264 24.1676 3.63639 24.3363 3.63639C24.7301 3.63639 25.3488 3.80514 26.1926 4.59264C26.8676 5.21139 27.0363 5.66139 26.9801 5.77389C26.6988 6.56139 23.8863 7.40514 20.6801 7.74264C21.4676 5.99889 22.6488 4.03014 23.9426 3.69264ZM10.4988 4.64889C11.3426 3.86139 11.9613 3.69264 12.3551 3.69264C12.5238 3.69264 12.6363 3.74889 12.7488 3.74889C14.0426 4.08639 15.2801 5.99889 16.0676 7.79889C12.8613 7.46139 10.0488 6.61764 9.76758 5.83014C9.71133 5.66139 9.88008 5.26764 10.4988 4.64889ZM5.26758 14.9426V11.2301C5.26758 11.0051 5.43633 10.7801 5.71758 10.7801H30.5801C30.8051 10.7801 31.0301 10.9489 31.0301 11.2301V14.9426C31.0301 15.1676 30.8613 15.3926 30.5801 15.3926H5.71758C5.49258 15.3926 5.26758 15.2239 5.26758 14.9426ZM27.5426 32.6614H9.14883C8.58633 32.6614 8.13633 32.2114 8.13633 31.6489V17.9239H28.4988V31.6489C28.5551 32.2114 28.1051 32.6614 27.5426 32.6614Z\"\r\n                  fill=\"white\"\r\n                />\r\n              </svg>"}}, {"model": "feature.featureitem", "pk": 14, "fields": {"features": 10, "name": "Free and Open-Source", "title": "Free and Open-Source", "description": "Free and Open-Source", "link": "Free and Open-Source", "link_title": "Free and Open-Source", "svg_image": "<svg width=\"36\" height=\"36\" viewBox=\"0 0 36 36\" fill=\"none\" xmlns=\"http://www.w3.org/2000/svg\">\r\n                  <path d=\"M30.5998 1.01245H5.39981C2.98105 1.01245 0.956055 2.9812 0.956055 5.4562V30.6562C0.956055 33.075 2.9248 35.0437 5.39981 35.0437H30.5998C33.0186 35.0437 34.9873 33.075 34.9873 30.6562V5.39995C34.9873 2.9812 33.0186 1.01245 30.5998 1.01245ZM5.39981 3.48745H30.5998C31.6123 3.48745 32.4561 4.3312 32.4561 5.39995V11.1937H3.4873V5.39995C3.4873 4.38745 4.38731 3.48745 5.39981 3.48745ZM3.4873 30.6V13.725H23.0623V32.5125H5.39981C4.38731 32.5125 3.4873 31.6125 3.4873 30.6ZM30.5998 32.5125H25.5373V13.725H32.4561V30.6C32.5123 31.6125 31.6123 32.5125 30.5998 32.5125Z\" fill=\"white\"></path>\r\n                </svg>"}}, {"model": "hero_section.autocreateupdate", "pk": 1, "fields": {"created_at": "2024-09-06T20:24:38.409Z", "updated_at": "2024-09-06T20:24:38.409Z"}}, {"model": "hero_section.autocreateupdate", "pk": 2, "fields": {"created_at": "2024-09-06T19:39:53.308Z", "updated_at": "2024-09-06T19:39:53.308Z"}}, {"model": "hero_section.autocreateupdate", "pk": 3, "fields": {"created_at": "2024-09-06T19:55:10.912Z", "updated_at": "2024-09-06T19:55:10.912Z"}}, {"model": "hero_section.autocreateupdate", "pk": 4, "fields": {"created_at": "2024-09-06T20:42:51.240Z", "updated_at": "2024-09-06T20:42:51.240Z"}}, {"model": "hero_section.autocreateupdate", "pk": 5, "fields": {"created_at": "2024-09-06T20:32:04.777Z", "updated_at": "2024-09-06T20:32:04.777Z"}}, {"model": "hero_section.autocreateupdate", "pk": 6, "fields": {"created_at": "2024-09-06T20:42:51.242Z", "updated_at": "2024-09-06T20:42:51.242Z"}}, {"model": "hero_section.autocreateupdate", "pk": 7, "fields": {"created_at": "2024-09-06T20:42:51.243Z", "updated_at": "2024-09-06T20:42:51.243Z"}}, {"model": "hero_section.autocreateupdate", "pk": 8, "fields": {"created_at": "2024-09-06T20:42:51.244Z", "updated_at": "2024-09-06T20:42:51.244Z"}}, {"model": "hero_section.autocreateupdate", "pk": 9, "fields": {"created_at": "2024-09-06T20:42:51.244Z", "updated_at": "2024-09-06T20:42:51.244Z"}}, {"model": "hero_section.autocreateupdate", "pk": 10, "fields": {"created_at": "2024-09-07T18:29:48.841Z", "updated_at": "2024-09-07T18:29:48.841Z"}}, {"model": "hero_section.autocreateupdate", "pk": 11, "fields": {"created_at": "2024-09-07T16:24:54.368Z", "updated_at": "2024-09-07T16:24:54.368Z"}}, {"model": "hero_section.autocreateupdate", "pk": 12, "fields": {"created_at": "2024-09-07T18:15:47.432Z", "updated_at": "2024-09-07T18:15:47.432Z"}}, {"model": "hero_section.autocreateupdate", "pk": 13, "fields": {"created_at": "2024-09-07T18:28:44.663Z", "updated_at": "2024-09-07T18:28:44.663Z"}}, {"model": "hero_section.autocreateupdate", "pk": 14, "fields": {"created_at": "2024-09-07T18:29:48.843Z", "updated_at": "2024-09-07T18:29:48.843Z"}}, {"model": "hero_section.autocreateupdate", "pk": 15, "fields": {"created_at": "2024-09-24T07:15:04.946Z", "updated_at": "2024-09-24T07:15:04.946Z"}}, {"model": "hero_section.autocreateupdate", "pk": 16, "fields": {"created_at": "2024-09-17T12:26:55.565Z", "updated_at": "2024-09-17T12:26:55.566Z"}}, {"model": "hero_section.autocreateupdate", "pk": 17, "fields": {"created_at": "2024-09-17T12:26:55.566Z", "updated_at": "2024-09-17T12:26:55.566Z"}}, {"model": "hero_section.autocreateupdate", "pk": 18, "fields": {"created_at": "2024-09-17T12:26:55.567Z", "updated_at": "2024-09-17T12:26:55.567Z"}}, {"model": "hero_section.autocreateupdate", "pk": 19, "fields": {"created_at": "2024-09-24T07:15:04.947Z", "updated_at": "2024-09-24T07:15:04.947Z"}}, {"model": "hero_section.autocreateupdate", "pk": 20, "fields": {"created_at": "2024-09-24T07:38:26.900Z", "updated_at": "2024-09-24T07:38:26.900Z"}}, {"model": "hero_section.autocreateupdate", "pk": 21, "fields": {"created_at": "2024-09-24T07:38:26.900Z", "updated_at": "2024-09-24T07:38:26.900Z"}}, {"model": "hero_section.autocreateupdate", "pk": 22, "fields": {"created_at": "2024-09-25T09:02:56.215Z", "updated_at": "2024-09-25T09:02:56.215Z"}}, {"model": "hero_section.autocreateupdate", "pk": 23, "fields": {"created_at": "2024-09-25T09:04:39.923Z", "updated_at": "2024-09-25T09:04:39.923Z"}}, {"model": "hero_section.autocreateupdate", "pk": 24, "fields": {"created_at": "2024-09-25T09:04:39.924Z", "updated_at": "2024-09-25T09:04:39.924Z"}}, {"model": "hero_section.autocreateupdate", "pk": 25, "fields": {"created_at": "2024-09-25T09:04:39.924Z", "updated_at": "2024-09-25T09:04:39.924Z"}}, {"model": "hero_section.autocreateupdate", "pk": 26, "fields": {"created_at": "2024-09-25T09:04:39.925Z", "updated_at": "2024-09-25T09:04:39.925Z"}}, {"model": "hero_section.autocreateupdate", "pk": 27, "fields": {"created_at": "2024-09-25T09:04:39.925Z", "updated_at": "2024-09-25T09:04:39.925Z"}}, {"model": "hero_section.autocreateupdate", "pk": 28, "fields": {"created_at": "2024-09-25T09:40:40.070Z", "updated_at": "2024-09-25T09:40:40.070Z"}}, {"model": "hero_section.autocreateupdate", "pk": 29, "fields": {"created_at": "2024-09-25T09:40:40.071Z", "updated_at": "2024-09-25T09:40:40.071Z"}}, {"model": "hero_section.autocreateupdate", "pk": 30, "fields": {"created_at": "2024-09-25T09:40:40.071Z", "updated_at": "2024-09-25T09:40:40.071Z"}}, {"model": "hero_section.autocreateupdate", "pk": 31, "fields": {"created_at": "2024-09-25T09:40:40.071Z", "updated_at": "2024-09-25T09:40:40.071Z"}}, {"model": "hero_section.autocreateupdate", "pk": 32, "fields": {"created_at": "2024-09-25T09:40:40.072Z", "updated_at": "2024-09-25T09:40:40.072Z"}}, {"model": "hero_section.autocreateupdate", "pk": 33, "fields": {"created_at": "2024-09-25T09:42:09.480Z", "updated_at": "2024-09-25T09:42:09.480Z"}}, {"model": "hero_section.autocreateupdate", "pk": 34, "fields": {"created_at": "2024-09-25T09:42:09.481Z", "updated_at": "2024-09-25T09:42:09.481Z"}}, {"model": "hero_section.autocreateupdate", "pk": 35, "fields": {"created_at": "2024-09-25T09:42:09.481Z", "updated_at": "2024-09-25T09:42:09.481Z"}}, {"model": "hero_section.autocreateupdate", "pk": 36, "fields": {"created_at": "2024-09-25T09:42:09.482Z", "updated_at": "2024-09-25T09:42:09.482Z"}}, {"model": "hero_section.autocreateupdate", "pk": 37, "fields": {"created_at": "2024-09-25T09:42:09.482Z", "updated_at": "2024-09-25T09:42:09.482Z"}}, {"model": "hero_section.autocreateupdate", "pk": 38, "fields": {"created_at": "2024-09-25T11:05:07.468Z", "updated_at": "2024-09-25T11:05:07.468Z"}}, {"model": "hero_section.autocreateupdate", "pk": 39, "fields": {"created_at": "2024-09-26T06:07:11.748Z", "updated_at": "2024-09-26T06:07:11.748Z"}}, {"model": "hero_section.autocreateupdate", "pk": 40, "fields": {"created_at": "2024-09-26T06:01:19.439Z", "updated_at": "2024-09-26T06:01:19.439Z"}}, {"model": "hero_section.autocreateupdate", "pk": 41, "fields": {"created_at": "2024-09-26T06:16:46.431Z", "updated_at": "2024-09-26T06:16:46.431Z"}}, {"model": "hero_section.autocreateupdate", "pk": 42, "fields": {"created_at": "2024-09-26T06:17:58.051Z", "updated_at": "2024-09-26T06:17:58.051Z"}}, {"model": "hero_section.autocreateupdate", "pk": 43, "fields": {"created_at": "2024-09-26T11:53:33.033Z", "updated_at": "2024-09-26T11:53:33.033Z"}}, {"model": "hero_section.autocreateupdate", "pk": 44, "fields": {"created_at": "2024-09-26T12:03:06.709Z", "updated_at": "2024-09-26T12:03:06.709Z"}}, {"model": "hero_section.autocreateupdate", "pk": 45, "fields": {"created_at": "2024-09-26T12:02:51.122Z", "updated_at": "2024-09-26T12:02:51.122Z"}}, {"model": "hero_section.autocreateupdate", "pk": 46, "fields": {"created_at": "2024-09-26T12:02:44.554Z", "updated_at": "2024-09-26T12:02:44.554Z"}}, {"model": "hero_section.autocreateupdate", "pk": 47, "fields": {"created_at": "2024-09-26T12:02:39.041Z", "updated_at": "2024-09-26T12:02:39.041Z"}}, {"model": "hero_section.autocreateupdate", "pk": 48, "fields": {"created_at": "2024-09-26T12:02:24.523Z", "updated_at": "2024-09-26T12:02:24.523Z"}}, {"model": "hero_section.autocreateupdate", "pk": 49, "fields": {"created_at": "2024-09-26T12:03:13.426Z", "updated_at": "2024-09-26T12:03:13.426Z"}}, {"model": "hero_section.autocreateupdate", "pk": 50, "fields": {"created_at": "2024-09-26T12:05:49.369Z", "updated_at": "2024-09-26T12:05:49.370Z"}}, {"model": "hero_section.autocreateupdate", "pk": 51, "fields": {"created_at": "2024-09-26T12:10:25.130Z", "updated_at": "2024-09-26T12:10:25.130Z"}}, {"model": "hero_section.autocreateupdate", "pk": 52, "fields": {"created_at": "2024-09-26T12:10:25.140Z", "updated_at": "2024-09-26T12:10:25.141Z"}}, {"model": "hero_section.autocreateupdate", "pk": 53, "fields": {"created_at": "2024-09-26T12:10:25.141Z", "updated_at": "2024-09-26T12:10:25.141Z"}}, {"model": "hero_section.autocreateupdate", "pk": 54, "fields": {"created_at": "2024-09-26T12:10:25.141Z", "updated_at": "2024-09-26T12:10:25.141Z"}}, {"model": "hero_section.autocreateupdate", "pk": 55, "fields": {"created_at": "2024-09-26T12:11:27.947Z", "updated_at": "2024-09-26T12:11:27.947Z"}}, {"model": "hero_section.autocreateupdate", "pk": 56, "fields": {"created_at": "2024-09-26T12:11:27.948Z", "updated_at": "2024-09-26T12:11:27.948Z"}}, {"model": "hero_section.autocreateupdate", "pk": 57, "fields": {"created_at": "2024-09-26T12:11:27.949Z", "updated_at": "2024-09-26T12:11:27.949Z"}}, {"model": "hero_section.autocreateupdate", "pk": 58, "fields": {"created_at": "2024-09-26T12:11:27.949Z", "updated_at": "2024-09-26T12:11:27.949Z"}}, {"model": "hero_section.autocreateupdate", "pk": 59, "fields": {"created_at": "2024-09-26T12:12:27.590Z", "updated_at": "2024-09-26T12:12:27.590Z"}}, {"model": "hero_section.autocreateupdate", "pk": 60, "fields": {"created_at": "2024-09-26T12:12:27.591Z", "updated_at": "2024-09-26T12:12:27.591Z"}}, {"model": "hero_section.autocreateupdate", "pk": 61, "fields": {"created_at": "2024-09-26T12:12:27.591Z", "updated_at": "2024-09-26T12:12:27.591Z"}}, {"model": "hero_section.autocreateupdate", "pk": 62, "fields": {"created_at": "2024-09-26T12:12:27.591Z", "updated_at": "2024-09-26T12:12:27.591Z"}}, {"model": "hero_section.autocreateupdate", "pk": 63, "fields": {"created_at": "2024-09-26T12:13:33.543Z", "updated_at": "2024-09-26T12:13:33.543Z"}}, {"model": "hero_section.autocreateupdate", "pk": 64, "fields": {"created_at": "2024-09-26T12:13:33.544Z", "updated_at": "2024-09-26T12:13:33.544Z"}}, {"model": "hero_section.autocreateupdate", "pk": 65, "fields": {"created_at": "2024-09-26T12:13:33.545Z", "updated_at": "2024-09-26T12:13:33.545Z"}}, {"model": "hero_section.autocreateupdate", "pk": 66, "fields": {"created_at": "2024-09-26T12:13:33.545Z", "updated_at": "2024-09-26T12:13:33.545Z"}}, {"model": "hero_section.herocontant", "pk": 1, "fields": {"title": "OpenWeb Template for SaaS, Startup, Apps, and More", "description": "Multidisciplinary Web Template Built with Your Favourite Technology - HTML Bootstrap, Tailwind and React NextJS.", "image": "hero_section/images/hero-image.jpg"}}, {"model": "hero_section.herobutton", "pk": 2, "fields": {"hero_contant": 1, "title": "Download Now", "button_link": "https://links.tailgrids.com/play-download", "button_svg": "", "design_type": "primary"}}, {"model": "hero_section.herobutton", "pk": 3, "fields": {"hero_contant": 1, "title": "Star on github", "button_link": "https://github.com/tailgrids/play-tailwind", "button_svg": "<svg\r\n                class=\"fill-current\"\r\n                width=\"24\"\r\n                height=\"24\"\r\n                viewBox=\"0 0 24 24\"\r\n                fill=\"none\"\r\n                xmlns=\"http://www.w3.org/2000/svg\"\r\n              >\r\n                <g clip-path=\"url(#clip0_2005_10818)\">\r\n                  <path\r\n                    d=\"M12 0.674805C5.625 0.674805 0.375 5.8498 0.375 12.2998C0.375 17.3998 3.7125 21.7498 8.3625 23.3248C8.9625 23.4373 9.15 23.0623 9.15 22.7998C9.15 22.5373 9.15 21.7873 9.1125 20.7748C5.8875 21.5248 5.2125 19.1998 5.2125 19.1998C4.6875 17.8873 3.9 17.5123 3.9 17.5123C2.85 16.7623 3.9375 16.7623 3.9375 16.7623C5.1 16.7998 5.7375 17.9623 5.7375 17.9623C6.75 19.7623 8.475 19.2373 9.1125 18.8998C9.225 18.1498 9.525 17.6248 9.8625 17.3248C7.3125 17.0623 4.575 16.0498 4.575 11.6248C4.575 10.3498 5.0625 9.3373 5.775 8.5498C5.6625 8.2873 5.25 7.0873 5.8875 5.4748C5.8875 5.4748 6.9 5.1748 9.1125 6.6748C10.05 6.4123 11.025 6.2623 12.0375 6.2623C13.05 6.2623 14.0625 6.3748 14.9625 6.6748C17.175 5.2123 18.15 5.4748 18.15 5.4748C18.7875 7.0498 18.4125 8.2873 18.2625 8.5498C19.0125 9.3373 19.4625 10.3873 19.4625 11.6248C19.4625 16.0498 16.725 17.0623 14.175 17.3248C14.5875 17.6998 14.9625 18.4498 14.9625 19.4998C14.9625 21.0748 14.925 22.3123 14.925 22.6873C14.925 22.9873 15.15 23.3248 15.7125 23.2123C20.2875 21.6748 23.625 17.3623 23.625 12.2248C23.5875 5.8498 18.375 0.674805 12 0.674805Z\"\r\n                  />\r\n                </g>\r\n                <defs>\r\n                  <clipPath id=\"clip0_2005_10818\">\r\n                    <rect width=\"24\" height=\"24\" fill=\"white\" />\r\n                  </clipPath>\r\n                </defs>\r\n              </svg>", "design_type": "secondary"}}, {"model": "hero_section.technologyuses", "pk": 4, "fields": {"contant": "Built with latest technology", "description": ""}}, {"model": "hero_section.technologysvg", "pk": 5, "fields": {"contant": 4, "name": "Bootstrap", "link": "https://github.com/uideck/play-bootstrap/", "svg_image": "<svg\r\n                class=\"fill-current\"\r\n                width=\"41\"\r\n                height=\"32\"\r\n                viewBox=\"0 0 41 32\"\r\n                fill=\"none\"\r\n                xmlns=\"http://www.w3.org/2000/svg\"\r\n              >\r\n                <mask\r\n                  id=\"mask0_2005_10788\"\r\n                  style=\"mask-type: luminance\"\r\n                  maskUnits=\"userSpaceOnUse\"\r\n                  x=\"0\"\r\n                  y=\"0\"\r\n                  width=\"41\"\r\n                  height=\"32\"\r\n                >\r\n                  <path\r\n                    d=\"M0.521393 0.0454102H40.5214V31.9174H0.521393V0.0454102Z\"\r\n                  />\r\n                </mask>\r\n                <g mask=\"url(#mask0_2005_10788)\">\r\n                  <path\r\n                    fill-rule=\"evenodd\"\r\n                    clip-rule=\"evenodd\"\r\n                    d=\"M8.82951 0.048584C6.54719 0.048584 4.85835 2.04626 4.93395 4.21266C5.00655 6.29398 4.91223 8.98962 4.23366 11.1879C3.55264 13.3923 2.4017 14.7893 0.521393 14.9686V16.993C2.4017 17.1727 3.55264 18.5689 4.23358 20.7737C4.91223 22.9719 5.00647 25.6676 4.93387 27.7489C4.85827 29.915 6.54711 31.913 8.82983 31.913H32.2163C34.4987 31.913 36.1872 29.9153 36.1116 27.7489C36.039 25.6676 36.1333 22.9719 36.8119 20.7737C37.4929 18.5689 38.641 17.1721 40.5214 16.993V14.9686C38.6411 14.7889 37.493 13.3927 36.8119 11.1879C36.1332 8.9899 36.039 6.29398 36.1116 4.21266C36.1872 2.04654 34.4987 0.048584 32.2163 0.048584H8.82951ZM27.6401 19.6632C27.6401 22.6463 25.415 24.4554 21.7224 24.4554H15.4366C15.2568 24.4554 15.0844 24.3839 14.9572 24.2568C14.8301 24.1297 14.7587 23.9572 14.7587 23.7774V8.18422C14.7587 8.00442 14.8301 7.83194 14.9572 7.70482C15.0844 7.57766 15.2568 7.50626 15.4366 7.50626H21.6866C24.7656 7.50626 26.7863 9.17406 26.7863 11.7347C26.7863 13.5319 25.427 15.1409 23.6952 15.4228V15.5165C26.0526 15.7751 27.6401 17.408 27.6401 19.6632ZM21.037 9.65538H17.453V14.7179H20.4716C22.8052 14.7179 24.092 13.7782 24.092 12.0986C24.0917 10.5245 22.9855 9.65538 21.037 9.65538ZM17.453 16.7265V22.3055H21.1689C23.5986 22.3055 24.8856 21.3306 24.8856 19.4984C24.8856 17.6663 23.5625 16.7263 21.0126 16.7263L17.453 16.7265Z\"\r\n                  />\r\n                </g>\r\n              </svg>"}}, {"model": "hero_section.technologysvg", "pk": 6, "fields": {"contant": 4, "name": "Tailwind", "link": "https://github.com/TailGrids/play-tailwind/", "svg_image": "<svg\r\n                class=\"fill-current\"\r\n                width=\"41\"\r\n                height=\"26\"\r\n                viewBox=\"0 0 41 26\"\r\n                fill=\"none\"\r\n                xmlns=\"http://www.w3.org/2000/svg\"\r\n              >\r\n                <mask\r\n                  id=\"mask0_2005_10783\"\r\n                  style=\"mask-type: luminance\"\r\n                  maskUnits=\"userSpaceOnUse\"\r\n                  x=\"0\"\r\n                  y=\"0\"\r\n                  width=\"41\"\r\n                  height=\"26\"\r\n                >\r\n                  <path\r\n                    d=\"M0.521393 0.949463H40.5214V25.0135H0.521393V0.949463Z\"\r\n                  />\r\n                </mask>\r\n                <g mask=\"url(#mask0_2005_10783)\">\r\n                  <path\r\n                    d=\"M20.5214 0.980713C15.1882 0.980713 11.8546 3.64743 10.5214 8.98071C12.5214 6.31399 14.8546 5.31399 17.5214 5.98071C19.043 6.36103 20.1302 7.46495 21.3342 8.68667C23.295 10.6771 25.5642 12.9807 30.5214 12.9807C35.8546 12.9807 39.1882 10.314 40.5214 4.98071C38.5214 7.64743 36.1882 8.64743 33.5214 7.98071C31.9998 7.60039 30.9126 6.49651 29.7086 5.27479C27.7478 3.28431 25.4786 0.980713 20.5214 0.980713ZM10.5214 12.9807C5.18819 12.9807 1.85459 15.6474 0.521393 20.9807C2.52139 18.314 4.85459 17.314 7.52139 17.9807C9.04299 18.361 10.1302 19.465 11.3342 20.6867C13.295 22.6771 15.5642 24.9807 20.5214 24.9807C25.8546 24.9807 29.1882 22.314 30.5214 16.9807C28.5214 19.6474 26.1882 20.6474 23.5214 19.9807C21.9998 19.6004 20.9126 18.4965 19.7086 17.2748C17.7478 15.2843 15.4786 12.9807 10.5214 12.9807Z\"\r\n                  />\r\n                </g>\r\n              </svg>"}}, {"model": "hero_section.technologysvg", "pk": 7, "fields": {"contant": 4, "name": "Nextjs", "link": "https://github.com/NextJSTemplates/play-nextjs", "svg_image": "<svg\r\n                class=\"fill-current\"\r\n                width=\"41\"\r\n                height=\"36\"\r\n                viewBox=\"0 0 41 36\"\r\n                fill=\"none\"\r\n                xmlns=\"http://www.w3.org/2000/svg\"\r\n              >\r\n                <path\r\n                  d=\"M40.5214 17.9856C40.5214 15.3358 37.203 12.8245 32.1154 11.2673C33.2894 6.08177 32.7678 1.95622 30.4686 0.63539C29.9386 0.325566 29.3186 0.178806 28.6422 0.178806V1.99699C29.017 1.99699 29.3186 2.07037 29.5714 2.20897C30.6802 2.84493 31.1614 5.26645 30.7862 8.38101C30.6966 9.14741 30.5498 9.95457 30.3706 10.7781C28.7726 10.3867 27.0278 10.0851 25.1934 9.88937C24.0926 8.38101 22.951 7.01125 21.8014 5.81273C24.4594 3.34229 26.9542 1.98883 28.6502 1.98883V0.170654C26.4082 0.170654 23.473 1.7687 20.505 4.54081C17.5374 1.78501 14.6022 0.203266 12.3598 0.203266V2.02145C14.0478 2.02145 16.5506 3.36673 19.2086 5.82089C18.0674 7.01941 16.9258 8.38101 15.8414 9.88937C13.9986 10.0851 12.2538 10.3867 10.6558 10.7862C10.4686 9.97089 10.3298 9.18001 10.2318 8.42177C9.84859 5.30721 10.3218 2.88569 11.4222 2.24157C11.667 2.09483 11.985 2.0296 12.3598 2.0296V0.211422C11.675 0.211422 11.0554 0.358178 10.5174 0.668006C8.22619 1.98883 7.71259 6.10626 8.89499 11.2754C3.82339 12.8409 0.521393 15.3439 0.521393 17.9856C0.521393 20.6354 3.8398 23.1466 8.9274 24.7039C7.7534 29.8894 8.27499 34.0149 10.5742 35.3358C11.1042 35.6456 11.7242 35.7923 12.409 35.7923C14.651 35.7923 17.5862 34.1943 20.5542 31.4222C23.5218 34.178 26.457 35.7597 28.699 35.7597C29.3842 35.7597 30.0038 35.613 30.5418 35.3031C32.833 33.9823 33.3466 29.8649 32.1642 24.6957C37.2194 23.1385 40.5214 20.6273 40.5214 17.9856ZM29.9058 12.5473C29.6042 13.5991 29.229 14.6835 28.805 15.7679C28.471 15.1156 28.1202 14.4634 27.737 13.8111C27.3622 13.1588 26.9626 12.5229 26.563 11.9032C27.7206 12.0745 28.8378 12.2864 29.9058 12.5473ZM26.1718 21.2306C25.5358 22.3313 24.8834 23.3749 24.2066 24.3451C22.9918 24.4511 21.7606 24.5082 20.5214 24.5082C19.2902 24.5082 18.059 24.4511 16.8526 24.3533C16.1758 23.3831 15.5154 22.3476 14.8794 21.2551C14.2598 20.187 13.697 19.1026 13.1834 18.01C13.689 16.9175 14.2598 15.8249 14.871 14.7569C15.507 13.6562 16.1594 12.6126 16.8362 11.6423C18.051 11.5363 19.2822 11.4793 20.5214 11.4793C21.7526 11.4793 22.9838 11.5363 24.1902 11.6342C24.867 12.6044 25.5274 13.6399 26.1634 14.7324C26.783 15.8005 27.3458 16.8849 27.8594 17.9774C27.3458 19.07 26.783 20.1625 26.1718 21.2306ZM28.805 20.1707C29.2454 21.2632 29.6206 22.3557 29.9302 23.4157C28.8622 23.6766 27.737 23.8967 26.571 24.0679C26.9706 23.4401 27.3702 22.796 27.7454 22.1356C28.1202 21.4833 28.471 20.8229 28.805 20.1707ZM20.5378 28.8702C19.7794 28.0875 19.021 27.2151 18.271 26.2611C19.005 26.2938 19.755 26.3182 20.5134 26.3182C21.2798 26.3182 22.0378 26.3019 22.7798 26.2611C22.0462 27.2151 21.2878 28.0875 20.5378 28.8702ZM14.4718 24.0679C13.3138 23.8967 12.197 23.6847 11.129 23.4238C11.4306 22.3721 11.8054 21.2877 12.2294 20.2033C12.5638 20.8555 12.9142 21.5078 13.2974 22.1601C13.6806 22.8123 14.0722 23.4483 14.4718 24.0679ZM20.497 7.10093C21.255 7.88365 22.0134 8.75605 22.7634 9.70998C22.0298 9.67737 21.2798 9.65293 20.5214 9.65293C19.755 9.65293 18.9966 9.66922 18.2546 9.70998C18.9886 8.75605 19.747 7.88365 20.497 7.10093ZM14.4634 11.9032C14.0642 12.531 13.6646 13.1751 13.2894 13.8356C12.9142 14.4878 12.5638 15.1401 12.2294 15.7923C11.7894 14.6998 11.4142 13.6073 11.1042 12.5473C12.1726 12.2946 13.2974 12.0745 14.4634 11.9032ZM7.08459 22.1111C4.19859 20.88 2.33139 19.2657 2.33139 17.9856C2.33139 16.7055 4.19859 15.083 7.08459 13.86C7.78579 13.5583 8.55219 13.2893 9.34339 13.0365C9.80779 14.6346 10.4194 16.2979 11.1778 18.0019C10.4278 19.6978 9.82419 21.3529 9.36779 22.9428C8.56059 22.69 7.79419 22.4128 7.08459 22.1111ZM11.4714 33.7622C10.3626 33.1262 9.8814 30.7047 10.2566 27.5901C10.3462 26.8237 10.493 26.0166 10.6722 25.1931C12.2702 25.5844 14.015 25.8861 15.8494 26.0818C16.9502 27.5901 18.0918 28.9599 19.2414 30.1584C16.5834 32.6289 14.0886 33.9823 12.3926 33.9823C12.0258 33.9742 11.7158 33.9008 11.4714 33.7622ZM30.811 27.5494C31.1942 30.6639 30.721 33.0855 29.6206 33.7296C29.3758 33.8763 29.0578 33.9415 28.683 33.9415C26.995 33.9415 24.4922 32.5963 21.8342 30.1421C22.9754 28.9436 24.117 27.582 25.2014 26.0736C27.0442 25.8779 28.789 25.5763 30.387 25.1768C30.5742 26.0003 30.721 26.7911 30.811 27.5494ZM33.9498 22.1111C33.2486 22.4128 32.4822 22.6819 31.6914 22.9346C31.2266 21.3366 30.615 19.6733 29.857 17.9693C30.607 16.2734 31.2102 14.6183 31.667 13.0284C32.4742 13.2811 33.2406 13.5583 33.9582 13.86C36.8442 15.0912 38.7114 16.7055 38.7114 17.9856C38.7034 19.2657 36.8362 20.8881 33.9498 22.1111Z\"\r\n                />\r\n                <path\r\n                  d=\"M20.5134 21.7133C22.5714 21.7133 24.2394 20.0451 24.2394 17.9873C24.2394 15.9294 22.5714 14.2612 20.5134 14.2612C18.4558 14.2612 16.7874 15.9294 16.7874 17.9873C16.7874 20.0451 18.4558 21.7133 20.5134 21.7133Z\"\r\n                />\r\n              </svg>"}}, {"model": "hero_section.technologysvg", "pk": 8, "fields": {"contant": 4, "name": "Astro", "link": "https://github.com/TailGrids/play-astro/", "svg_image": "<svg\r\n                class=\"mt-0.5 fill-current\"\r\n                width=\"30\"\r\n                height=\"38\"\r\n                viewBox=\"0 0 30 38\"\r\n                fill=\"none\"\r\n                xmlns=\"http://www.w3.org/2000/svg\"\r\n              >\r\n                <g clip-path=\"url(#clip0_2412_2096)\">\r\n                  <path\r\n                    d=\"M9.54022 32.0145C7.86872 30.4866 7.38074 27.2761 8.07717 24.9502C9.28468 26.4166 10.9578 26.8812 12.6908 27.1434C15.3662 27.548 17.9937 27.3967 20.479 26.1739C20.7633 26.0338 21.0261 25.8477 21.3368 25.6591C21.57 26.3357 21.6306 27.0187 21.5492 27.7139C21.3511 29.407 20.5086 30.7148 19.1685 31.7062C18.6326 32.1027 18.0656 32.4572 17.5121 32.8311C15.8119 33.9803 15.3519 35.3278 15.9907 37.2877C16.0059 37.3358 16.0195 37.3835 16.0538 37.5C15.1857 37.1114 14.5516 36.5456 14.0684 35.8018C13.5581 35.017 13.3153 34.1486 13.3026 33.209C13.2962 32.7518 13.2962 32.2905 13.2347 31.8397C13.0845 30.7407 12.5686 30.2486 11.5967 30.2203C10.5992 30.1912 9.81018 30.8078 9.60094 31.779C9.58497 31.8535 9.5618 31.9271 9.53863 32.0137L9.54022 32.0145Z\"\r\n                  />\r\n                  <path\r\n                    d=\"M0 24.5627C0 24.5627 4.94967 22.1515 9.91317 22.1515L13.6555 10.5697C13.7956 10.0096 14.2046 9.62894 14.6665 9.62894C15.1283 9.62894 15.5374 10.0096 15.6775 10.5697L19.4198 22.1515C25.2984 22.1515 29.333 24.5627 29.333 24.5627C29.333 24.5627 20.9256 1.65922 20.9092 1.61326C20.6679 0.936116 20.2605 0.5 19.7113 0.5H9.62256C9.07337 0.5 8.68245 0.936116 8.42473 1.61326C8.40654 1.65835 0 24.5627 0 24.5627Z\"\r\n                  />\r\n                </g>\r\n                <defs>\r\n                  <clipPath id=\"clip0_2412_2096\">\r\n                    <rect\r\n                      width=\"29.3925\"\r\n                      height=\"37\"\r\n                      transform=\"translate(0 0.5)\"\r\n                    />\r\n                  </clipPath>\r\n                </defs>\r\n              </svg>"}}, {"model": "hero_section.technologysvg", "pk": 9, "fields": {"contant": 4, "name": "React", "link": "https://github.com/NextJSTemplates/play-nextjs", "svg_image": "<svg\r\n                class=\"fill-current\"\r\n                width=\"41\"\r\n                height=\"40\"\r\n                viewBox=\"0 0 41 40\"\r\n                fill=\"none\"\r\n                xmlns=\"http://www.w3.org/2000/svg\"\r\n              >\r\n                <path\r\n                  d=\"M19.1914 0.0107542C19.1054 0.0185659 18.8322 0.0459068 18.5862 0.0654364C12.911 0.577104 7.59499 3.63931 4.22819 8.34588C2.35339 10.9628 1.15419 13.9313 0.700995 17.0755C0.540995 18.173 0.521393 18.4972 0.521393 19.9854C0.521393 21.4735 0.540995 21.7977 0.700995 22.8952C1.78699 30.3984 7.12619 36.7025 14.3678 39.0382C15.6646 39.4561 17.0314 39.7412 18.5862 39.9131C19.1914 39.9795 21.8082 39.9795 22.4138 39.9131C25.097 39.6163 27.3702 38.9523 29.6122 37.8078C29.9562 37.6321 30.0226 37.5852 29.9754 37.5462C29.9442 37.5227 28.4798 35.5581 26.7218 33.1833L23.527 28.8673L19.5234 22.9421C17.3206 19.6846 15.5082 17.0208 15.4926 17.0208C15.477 17.0169 15.4614 19.6495 15.4534 22.864C15.4418 28.4924 15.4378 28.7189 15.3678 28.8517C15.2662 29.0431 15.1878 29.1212 15.0238 29.2071C14.899 29.2696 14.7894 29.2813 14.1998 29.2813H13.5242L13.3442 29.1681C13.227 29.0938 13.1414 28.9962 13.0826 28.8829L13.0006 28.7072L13.0086 20.8759L13.0202 13.0407L13.1414 12.8884C13.2038 12.8064 13.3366 12.7009 13.4302 12.6502C13.5906 12.572 13.653 12.5642 14.3286 12.5642C15.1254 12.5642 15.2582 12.5955 15.4654 12.822C15.5238 12.8845 17.6914 16.1498 20.285 20.083C22.8786 24.0162 26.425 29.3868 28.167 32.0232L31.331 36.8158L31.491 36.7103C32.909 35.7885 34.4086 34.4761 35.5962 33.1091C38.123 30.207 39.7518 26.6683 40.2986 22.8952C40.459 21.7977 40.4786 21.4735 40.4786 19.9854C40.4786 18.4972 40.459 18.173 40.2986 17.0755C39.213 9.57232 33.8738 3.26825 26.6322 0.93254C25.355 0.518516 23.9958 0.233389 22.4722 0.0615304C22.0974 0.0224718 19.5158 -0.0204928 19.1914 0.0107542ZM27.3702 12.0955C27.5578 12.1892 27.7102 12.3689 27.765 12.5564C27.7962 12.658 27.8038 14.8296 27.7962 19.7237L27.7842 26.7464L26.5462 24.8482L25.3042 22.9499V17.845C25.3042 14.5445 25.3198 12.6892 25.343 12.5994C25.4058 12.3806 25.5422 12.2088 25.7298 12.1072C25.8902 12.0252 25.9486 12.0174 26.5618 12.0174C27.1398 12.0174 27.2414 12.0252 27.3702 12.0955Z\"\r\n                />\r\n              </svg>"}}, {"model": "pricing.pricing", "pk": 22, "fields": {"title": "Pricing Table", "heading": "Awesome Pricing Plan", "description": "There are many variations of passages of Lorem Ipsum available but the majority have suffered alteration in some form."}}, {"model": "pricing.pricingplan", "pk": 23, "fields": {"name": "Starter", "price": 25.0, "wise": "Per Month", "criteria": "Featuers", "button": "Purchase Now", "button_link": "javascript:void(0)", "recomended": false}}, {"model": "pricing.pricingplan", "pk": 28, "fields": {"name": "Basic", "price": 59.0, "wise": "Per Month", "criteria": "Features", "button": "Purchase Now", "button_link": "javascript:void(0)", "recomended": true}}, {"model": "pricing.pricingplan", "pk": 33, "fields": {"name": "Premium", "price": 99.0, "wise": "Per Month", "criteria": "Features", "button": "Purchase Now", "button_link": "javascript:void(0)", "recomended": false}}, {"model": "pricing.pricingfeature", "pk": 24, "fields": {"pricing_plans": 23, "name": "Up to 1 User"}}, {"model": "pricing.pricingfeature", "pk": 25, "fields": {"pricing_plans": 23, "name": "All UI components"}}, {"model": "pricing.pricingfeature", "pk": 26, "fields": {"pricing_plans": 23, "name": "Lifetime access"}}, {"model": "pricing.pricingfeature", "pk": 27, "fields": {"pricing_plans": 23, "name": "Free updates"}}, {"model": "pricing.pricingfeature", "pk": 29, "fields": {"pricing_plans": 28, "name": "Up to 1 User"}}, {"model": "pricing.pricingfeature", "pk": 30, "fields": {"pricing_plans": 28, "name": "All UI components"}}, {"model": "pricing.pricingfeature", "pk": 31, "fields": {"pricing_plans": 28, "name": "Lifetime access"}}, {"model": "pricing.pricingfeature", "pk": 32, "fields": {"pricing_plans": 28, "name": "Free updates"}}, {"model": "pricing.pricingfeature", "pk": 34, "fields": {"pricing_plans": 33, "name": "Up to 1 User"}}, {"model": "pricing.pricingfeature", "pk": 35, "fields": {"pricing_plans": 33, "name": "All UI components"}}, {"model": "pricing.pricingfeature", "pk": 36, "fields": {"pricing_plans": 33, "name": "Lifetime access"}}, {"model": "pricing.pricingfeature", "pk": 37, "fields": {"pricing_plans": 33, "name": "Free updates"}}, {"model": "testimonial.testimonial", "pk": 39, "fields": {"client_name": "Musharof Chowdhury", "client_position": "Founder @ Ayro UI", "feedback": "“Our members are so impressed. It's intuitive. It's clean. It's distraction-free. If you're building a community.’’", "star_rating": 2, "author_image": "testimonials/product-1.jpg", "company_name": "BYSL"}}, {"model": "testimonial.testimonial", "pk": 40, "fields": {"client_name": "William Smith", "client_position": "Founder @ Trorex", "feedback": "“Our members are so impressed. It's intuitive. It's clean.  It's distraction free. If you're building a community.’’", "star_rating": 1, "author_image": "testimonials/author-02.jpg", "company_name": "WAlton"}}, {"model": "testimonial.testimonial", "pk": 41, "fields": {"client_name": "Sabo Mesties", "client_position": "Founder", "feedback": "“Our members are so impressed. It's intuitive. It's clean.  It's distraction free. If you're building a community.’’", "star_rating": 5, "author_image": "testimonials/author-01.jpg", "company_name": "Ayro UI"}}, {"model": "testimonial.testimonial", "pk": 42, "fields": {"client_name": "Sufian Sani", "client_position": "Founder", "feedback": "“Our members are so impressed. It's intuitive. It's clean.  It's distraction free. If you're building a community.’’", "star_rating": 5, "author_image": "testimonials/author-03.jpg", "company_name": "BYSL"}}, {"model": "testimonial.testimonialsection", "pk": 38, "fields": {"title": "What our Clients Say", "subtitle": "Testimonials", "description": "There are many variations of passages of Lorem Ipsum available but the majority have suffered alteration in some form."}}]